id;naam;source;import_source;import_status;status;categorie;doel;trigger;systemen;stappen_count;stappen;webhook_paths;endpoints;gitlab_endpoint_method;gitlab_endpoint_path;gitlab_endpoint_handler;external_id;gitlab_file_path;hubspot_last_run_at;hubspot_run_count_365d;last_synced_at;approved_at;rejected_at;rejection_reason
AUTO-041;HubSpot Bankverbindingsstatus Bijwerken;gitlab;;approved;Inactief;Backend Script;"Dit script wijzigt de status van de bankverbinding van een bedrijf in HubSpot, wat vervolgens een workflow activeert om alle gerelateerde deals bij te werken.";API endpoint POST /portal/hubspot/bank_connection_status;GitLab | HubSpot;5;De API-aanvraag wordt ontvangen met administratiegegevens. | De aanvraag wordt geverifieerd met een API-sleutel. | De 'update_bank_connection_status' functie wordt aangeroepen via een rate-limited HubSpot API-aanroep. | De bankverbindingsstatus van het bedrijf wordt bijgewerkt in HubSpot. | Een succesbericht wordt teruggestuurd.;;/portal/hubspot/bank_connection_status;;;;app/API/portal.py;app/API/portal.py;;;2026-05-05T08:44:32.673+00:00;;;
AUTO-042;Clockify Klant Bijwerken vanuit HubSpot;gitlab;;approved;Inactief;Backend Script;Dit script werkt een Clockify-klant bij of creëert deze op basis van gegevens uit HubSpot.;API endpoint POST /clockify/hubspot/upsert_client;GitLab | HubSpot | Clockify;6;"Het script ontvangt een POST-verzoek met HubSpot bedrijfsgegevens. | Het valideert de API-sleutel voor authenticatie. | Het probeert een Clockify-klant bij te werken of te creëren. | Als een klant met de HubSpot record-ID bestaat, wordt deze bijgewerkt en eventueel gearchiveerd. | Anders wordt een nieuwe klant aangemaakt met standaardprojecten/taken. | Het script retourneert de status van de bewerking of een fout als deze mislukt.";;/clockify/hubspot/upsert_client;;;;app/API/clockify.py;app/API/clockify.py;;;2026-05-05T08:44:32.673+00:00;;;
AUTO-043;KVK Bedrijfssynchronisatie;gitlab;;approved;Inactief;Backend Script;Dit script synchroniseert bedrijfsgegevens vanuit de Kamer van Koophandel (KVK) op basis van een HubSpot webhook trigger.;API endpoint POST /kvk/hubspot/sync_company (HubSpot webhook);GitLab | HubSpot | KvK;5;"Controleer de API-sleutel voor authenticatie. | Valideer de inkomende HubSpot webhook-payload, inclusief bedrijfs-ID en optioneel KVK-nummer of RSIN. | Controleer of de synchronisatie voor dit bedrijf al bezig is of dat de verwerkingswachtrij vol is. | Plan een asynchrone achtergrondtaak om bedrijfsgegevens van de KVK op te halen en te synchroniseren. | Retourneer de status van de geplande synchronisatie naar HubSpot.";;/kvk/hubspot/sync_company;;;;app/API/kvk.py;app/API/kvk.py;;;2026-05-05T08:44:32.673+00:00;;;
AUTO-044;HubSpot Operations API;gitlab;;approved;Inactief;Backend Script;"Beheert en automatiseert diverse operaties in HubSpot met betrekking tot deals, contacten, bedrijven en pipelines via een reeks API-endpoints.";API endpoint POST/GET /operations/*;GitLab | HubSpot | Sentry;5;"Definieert API-endpoints voor het beheren van HubSpot-entiteiten. | Ontvangt verzoeken via deze endpoints voor specifieke operaties. | Communiceert met de HubSpot API om deals, contacten, bedrijven en pipelines te manipuleren. | Voert sommige operaties asynchroon uit als achtergrondtaken. | Registreert fouten en uitzonderingen met Sentry.";;/operations/hubspot/owner | /operations/hubspot/new_pipeline/deal/amount | /operations/hubspot/contact/updating_dealname | /operations/hubspot/company/updating_dealname | /operations/hubspot/dossiers/{contact_id} | /operations/hubspot/deal/delete_vat_deal | /operations/hubspot/workflows/pipeline_usage | /operations/hubspot/active_pipelines | /operations/hubspot/betaalt_niet | /operations/hubspot/reset_betaalt_niet | /operations/get_company_deals | /operations/hubspot/clone_pipeline | /operations/hubspot/create_new_deal | /operations/hubspot/put_active_deals_in_new_deal | /operations/hubspot/btw_dealstage_based_on_bank_connection | /operations/hubspot/berekening_compleet | /operations/hubspot/move_dm_deal_to_geen_ib;;;;app/API/operations.py;app/API/operations.py;;;2026-05-05T08:44:32.673+00:00;;;
AUTO-045;Typeform Webhook Verwerking;gitlab;;approved;Inactief;Backend Script;Dit script verwerkt inkomende webhooks van Typeform om formulierinzendingen te verwerken.;API endpoint POST /typeform/webhook;GitLab | Typeform | Sentry;5;"De API ontvangt een POST-verzoek op `/typeform/webhook`. | De handtekening van het Typeform-verzoek wordt geverifieerd op geldigheid. | De JSON payload wordt geparsed en een achtergrondtaak wordt gestart. | De achtergrondtaak roept de `process_typeform_webhook` functie aan. | Verwerking wordt gelogd; eventuele fouten worden vastgelegd met Sentry.";;/typeform/webhook;;;;app/API/typeform.py;app/API/typeform.py;;;2026-05-05T08:44:32.673+00:00;;;
AUTO-046;"Beheer van Clockify klanten, projecten en taken";gitlab;;approved;Inactief;Backend Script;"Dit script beheert Clockify klanten, projecten en taken via de API.";Aangeroepen door een ander Python-script of handmatig;GitLab | Clockify;6;"Maakt verbinding met de Clockify API. | Hanteert rate-limiting om API-limieten te respecteren. | Kan klanten, projecten en taken opvragen. | Biedt functionaliteit om nieuwe klanten en projecten toe te voegen. | Maakt het mogelijk om projecten te archiveren. | Kan lijsten van klanten ophalen.";;;;;;app/service/clockify/clockify.py;app/service/clockify/clockify.py;;;2026-05-05T08:44:32.673+00:00;;;
AUTO-047;Wefact debiteur upsert vanuit HubSpot;gitlab;;approved;Inactief;Backend Script;"Dit script synchroniseert debiteureninformatie van HubSpot naar Wefact, creëert nieuwe debiteuren of werkt bestaande bij.";API endpoint POST /wefact/hubspot/upsert_debtor;GitLab | HubSpot | Wefact;6;"De automatisering wordt geactiveerd door een POST-verzoek naar het `/wefact/hubspot/upsert_debtor` endpoint. | Het script ontvangt debiteureninformatie vanuit HubSpot. | Het zoekt een bestaande debiteur in Wefact op basis van het HubSpot ID of een opgegeven debiteurcode. | Indien gevonden en de gegevens identiek zijn, wordt er geen actie ondernomen (status 'noop'). | Anders wordt de debiteur in Wefact bijgewerkt of een nieuwe aangemaakt. | Als een nieuwe debiteur is aangemaakt, wordt de Wefact debiteurcode teruggeschreven naar de HubSpot bedrijfsgegevens.";;/wefact/hubspot/upsert_debtor | /wefact/hubspot/test_list;;;;app/API/wefact.py;app/API/wefact.py;;;2026-05-05T08:44:32.673+00:00;;;
AUTO-048;Lead- en Dealbeheer voor Sales in HubSpot;gitlab;;approved;Inactief;Backend Script;Dit script verwerkt inkomende leads van verschillende bronnen en beheert deals in HubSpot.;"API endpoint POST naar diverse paden (bijv. /sales/leads/hubspot/trustoo, /sales/migrate_deals)";GitLab | HubSpot | Trustoo | Offerte.nl | Ligo | Solvari | Calendly;5;Ontvangen van inkomende leadgegevens via specifieke API-endpoints. | Authenticatie van inkomende verzoeken via API-sleutel of Basic Auth. | Formatteren en valideren van de leadgegevens indien nodig. | Toevoegen van de verwerkte lead aan HubSpot. | Optioneel: Migreren of kopiëren van deals tussen verschillende HubSpot-pipelines.;;/sales/leads/hubspot/trustoo | /sales/leads/hubspot/offerte.nl | /sales/leads/hubspot/ligo | /sales/leads/hubspot/solvari | /sales/leads/hubspot/calendly | /sales/migrate_deals;;;;app/API/sales.py;app/API/sales.py;;;2026-05-05T08:44:32.673+00:00;;;
AUTO-049;HubSpot Deal Zoeker;gitlab;;approved;Inactief;Backend Script;Dit script controleert of deals of bedrijven al bestaan in specifieke HubSpot pipelines.;Aangeroepen door andere automatiseringen of handmatig;GitLab | HubSpot;4;"Haal deal-, bedrijf- en contactinformatie op uit HubSpot via het deal ID. | Genereer een potentiële nieuwe dealnaam op basis van de pipeline, contact- en bedrijfsnamen. | Zoek in HubSpot naar bestaande deals op basis van dealnaam en pipeline ID, of naar bedrijven op basis van bedrijfs-ID en pipeline. | Retourneer of een deal of bedrijf al aanwezig is in de opgegeven HubSpot pipeline.";;;;;;app/service/operations/deal_search.py;app/service/operations/deal_search.py;;;2026-05-05T08:44:32.673+00:00;;;
AUTO-050;HubSpot Deal Creatie;gitlab;;approved;Inactief;Backend Script;Dit script creëert nieuwe deals in HubSpot op basis van een opgegeven deal ID en wijst deze toe aan de juiste pipelines.;Intern aangeroepen met een deal ID;GitLab | HubSpot | Sentry;5;"Haal gelijktijdig gerelateerde informatie op uit HubSpot, zoals line-items, contact- en bedrijf-ID's en eigenaarsgegevens. | Bepaal het type klant op basis van bedrijfsinformatie en selecteer de juiste HubSpot pipelines. | Match producten van de line-items met de geselecteerde pipelines. | Controleer bestaande deals van het bedrijf en contactpersoon om context te creëren. | Verwerk de deals in HubSpot door nieuwe deals aan te maken of bestaande bij te werken binnen de correcte pipelines.";;;;;;app/service/operations/deal_creation.py;app/service/operations/deal_creation.py;;;2026-05-05T08:44:32.673+00:00;;;
AUTO-051;HubSpot Deal Builder;gitlab;;approved;Inactief;Backend Script;Dit script haalt productinformatie op van een HubSpot deal en koppelt deze producten aan geschikte pipelines.;Programmatisch aangeroepen;GitLab | HubSpot;5;Haalt alle line-items op die gekoppeld zijn aan een specifieke HubSpot deal. | Haalt productinformatie (naam en prijs) op voor deze line-items van HubSpot. | Vereenvoudigt de productnamen voor betere matching. | Koppelt de vereenvoudigde productnamen aan actieve HubSpot pipelines. | Registreert de gevonden matches tussen producten en pipelines.;;;;;;app/service/operations/deal_builder.py;app/service/operations/deal_builder.py;;;2026-05-05T08:44:32.673+00:00;;;
AUTO-052;BTW Router Bankkoppeling Update;gitlab;;approved;Inactief;Backend Script;"Dit script routeert btw-deals op basis van deal- en bedrijfseigenschappen en bankkoppelingsstatus in HubSpot, en werkt de dealfase bij.";API endpoint of webhook bij wijziging van HubSpot deal;GitLab | HubSpot;4;Haal de relevante eigenschappen van de deal op uit HubSpot. | Haal de bankkoppelingsstatus en vervaldatum op van het gekoppelde bedrijf in HubSpot. | Evalueer of de bankkoppeling actief of verlopen is aan de hand van kwartaalgevoelige regels. | Werk de dealfase in HubSpot bij op basis van de geëvalueerde bankkoppelingsstatus.;;;;;;app/service/operations/btw_bankconnection.py;app/service/operations/btw_bankconnection.py;;;2026-05-05T08:44:32.673+00:00;;;
AUTO-053;"Beheer ""Betaalt Niet"" Deals";gitlab;;approved;Inactief;Backend Script;"Dit script beheert de dealstatus in HubSpot voor klanten die niet betalen, door gerelateerde deals te markeren of te resetten.";"API endpoint POST /set-betaalt-niet of POST /reset-betaalt-niet, of webhook";GitLab | HubSpot;4;"Een deal-ID wordt ontvangen om een actie (zetten naar of resetten van ""Betaalt niet"") te initiëren. | De bedrijfs- en contactinformatie, samen met alle gerelateerde deals, worden opgehaald uit HubSpot. | Voor alle gerelateerde deals wordt, afhankelijk van de actie, de dealstage bijgewerkt naar ""Betaalt niet"" (waarbij de vorige stage wordt opgeslagen) of hersteld naar de opgeslagen/bepaalde vorige stage. | De relevante dealproperties in HubSpot worden bijgewerkt voor elke gerelateerde deal.";;;;;;app/service/operations/betaalt_niet.py;app/service/operations/betaalt_niet.py;;;2026-05-05T08:44:32.673+00:00;;;
AUTO-054;HubSpot Deal Naam Updates;gitlab;;approved;Inactief;Backend Script;Werkt de namen van HubSpot deals bij wanneer de naam van een gekoppeld contact of bedrijf verandert.;Webhook van HubSpot (bij wijziging contact of bedrijf);GitLab | HubSpot | Sentry;4;Het script wordt geactiveerd door een wijziging in een contact- of bedrijfsnaam in HubSpot. | Het script haalt de gerelateerde deals en de nieuwe naam van het contact of bedrijf op uit HubSpot. | De dealnamen worden berekend en bijgewerkt om de nieuwe contact- of bedrijfsnaam te reflecteren. | De bijgewerkte dealnamen worden in batches teruggestuurd naar HubSpot.;;;;;;app/service/operations/deal_updates.py;app/service/operations/deal_updates.py;;;2026-05-05T08:44:32.673+00:00;;;
AUTO-055;Factuurbeheer en synchronisatie;gitlab;;approved;Inactief;Backend Script;"Dit script faciliteert het zoeken, bijwerken en ophalen van factuurinformatie tussen HubSpot CRM en de Factuursturen API.";Aangeroepen door een extern systeem of handmatig;GitLab | HubSpot | Factuursturen;3;Zoekt facturen en contactpersonen binnen HubSpot CRM. | Werkt bestaande factuurgegevens bij in HubSpot CRM. | Authenticeert en haalt factuurgegevens op uit de Factuursturen API.;;;;;;app/service/operations/facturen.py;app/service/operations/facturen.py;;;2026-05-05T08:44:32.673+00:00;;;
AUTO-056;Bepaal de juiste dealfase;gitlab;;approved;Inactief;Backend Script;"Dit script bepaalt de correcte fase voor een deal binnen een CRM-systeem, gebaseerd op de pijplijn en diverse deal-, bedrijfs- en contacteigenschappen.";Intern aangeroepen bij een dealwijziging of gepland evenement;GitLab | HubSpot | Intern Boekhoudsysteem;4;"Haal de initiële deal-, bedrijfs- en contactgegevens op. | Evalueer specifieke uitzonderingsregels (bijv. 'Betaalt niet' status). | Identificeer het type pijplijn om de juiste logica te selecteren. | Bereken de uiteindelijke dealfase op basis van relevante eigenschappen.";;;;;;app/service/operations/find_correct_stage.py;app/service/operations/find_correct_stage.py;;;2026-05-05T08:44:32.673+00:00;;;
AUTO-057;HubSpot BTW Dossier & Deal Update;gitlab;;approved;Inactief;Backend Script;"Dit script haalt bedrijfs- en dealinformatie op en werkt specifieke BTW-deal eigenschappen bij in HubSpot, met logica voor het behandelen van actuele en toekomstige kwartalen.";Aangeroepen door een ander script of service binnen de applicatie.;GitLab | HubSpot | Sentry;6;"Haal de gekoppelde bedrijven bij een dossier op via de HubSpot API. | Haal de gekoppelde deals bij een bedrijf op via de HubSpot API. | Controleer of een BTW-deal zich in een relevante pipeline bevindt voordat deze wordt bijgewerkt. | Haal dealinformatie op en controleer het jaar en kwartaal om te bepalen of een update is toegestaan (huidig of toekomstig kwartaal). | Werk specifieke eigenschappen van BTW-deals bij in HubSpot, indien relevant en indien de waarde verschilt. | Log fouten en uitzonderingen met Sentry.";;;;;;app/service/operations/dossier.py;app/service/operations/dossier.py;;;2026-05-05T08:44:32.673+00:00;;;
AUTO-058;HubSpot Deal Statusbeheer & VPB Update;gitlab;;approved;Inactief;Backend Script;Dit script beheert HubSpot deals door de juiste stage toe te wijzen en VPB deals bij te werken op basis van wijzigingen in JR deals.;"Webhook van HubSpot bij deal, bedrijf of contact wijzigingen.";GitLab | HubSpot;5;"Haal alle relevante deal-, bedrijfs- en contactgegevens op uit HubSpot. | Bepaal de correcte deal stage voor een HubSpot deal op basis van bestaande gegevens en bedrijfslogica. | Werk de deal stage van de HubSpot deal bij. | Haal gerelateerde VPB deals op wanneer een JR deal wordt bijgewerkt. | Werk de relevante VPB deals bij met de nieuwe informatie.";;;;;;app/service/operations/hubspot.py;app/service/operations/hubspot.py;;;2026-05-05T08:44:32.673+00:00;;;
AUTO-059;Hulpfuncties voor gegevensverwerking;gitlab;;approved;Inactief;Backend Script;Dit script biedt een verzameling hulpfuncties voor het verwerken en normaliseren van gegevensformaten.;Wordt aangeroepen door andere automatiseringsscripts indien nodig.;GitLab;6;Verdeelt een lijst in kleinere brokken. | Extraheert resultatenlijsten uit API-responses. | Haalt eigenschappen van objecten of dictionaries op. | Haalt de ID van een object of dictionary op. | Parseert verschillende datumformaten naar een datumobject. | Normaliseert kwartaalwaarden uit strings of lijsten.;;;;;;app/service/operations/va_pipelines/utils.py;app/service/operations/va_pipelines/utils.py;;;2026-05-05T08:44:32.673+00:00;;;
AUTO-060;HubSpot Pijplijn & Workflow Hulpprogramma's;gitlab;;approved;Inactief;Backend Script;"Dit script biedt een verzameling functies om HubSpot pijplijnen en workflows te beheren, doorzoeken en hun labels te verwerken.";Programmatische aanroep van functies;GitLab | HubSpot | Sentry;6;"Maakt gebruik van de HubSpot API om pijplijn- en workflowinformatie op te halen. | Filtert HubSpot pijplijnen op basis van hun status (actief) of specifieke ID's. | Haalt alle workflows op via de HubSpot API, inclusief paginatie. | Reinigt en standaardiseert pijplijnlabels. | Zoekt naar workflows die specifieke pijplijnlabels of trefwoorden bevatten. | Retourneert georganiseerde gegevens over pijplijnen en workflows.";;;;;;app/service/operations/pipelines.py;app/service/operations/pipelines.py;;;2026-05-05T08:44:32.673+00:00;;;
AUTO-061;VA VPB Kandidaten Analyse;gitlab;;approved;Inactief;Backend Script;Dit script identificeert bedrijven voor een Voorlopige Aanslag Vennootschapsbelasting door VPB-deals en bedrijfsinformatie in HubSpot te analyseren.;Handmatig via commandoregel met jaarparameter;GitLab | HubSpot;4;"Zoek VPB-deals in HubSpot voor een opgegeven jaar en verzamel gekoppelde bedrijven. | Haal aanvullende bedrijfsinformatie op zoals naam, oprichtingsdatum en boekjaarverlenging. | Identificeer bedrijven die al een VPB-deal hadden in het voorgaande jaar. | Controleer welke bedrijven reeds een VA VPB-deal hebben voor het opgegeven jaar.";;;;;;app/service/operations/va_pipelines/va_vpb.py;app/service/operations/va_pipelines/va_vpb.py;;;2026-05-05T08:44:32.673+00:00;;;
AUTO-062;Voorlopige Aanslag IB Beheer;gitlab;;approved;Inactief;Backend Script;"Dit script identificeert contacten die in aanmerking komen voor een Voorlopige Aanslag Inkomstenbelasting (IB) en creëert of beheert de bijbehorende deals in HubSpot, rekening houdend met de BTW-status.";Handmatig via commandoregel of gepland via een scheduler;GitLab | HubSpot;5;"Laadt bestaande 'Voorlopige Aanslag IB' deals voor het opgegeven jaar uit HubSpot om duplicaten te voorkomen. | Controleert de voltooiingsstatus van de Q4 BTW-aangifte voor de gekoppelde bedrijven in HubSpot. | Identificeert geschikte contacten op basis van bedrijfstype, jaarklantschap en bankkoppelingstatus. | Creëert nieuwe 'Voorlopige Aanslag IB' deals in HubSpot voor contacten die nog geen deal hebben voor het betreffende jaar. | Werkt de deal stage bij in HubSpot op basis van specifieke eigenschappen en voorwaarden.";;;;;;app/service/operations/va_pipelines/va_ib.py;app/service/operations/va_pipelines/va_ib.py;;;2026-05-05T08:44:32.673+00:00;;;
AUTO-063;Dealbeheer en -updates;gitlab;;approved;Inactief;Backend Script;Dit script consolideert en herexporteert functionaliteit voor het creëren en bijwerken van deals en het beheren van verschillende financiële pijplijnen.;Aangeroepen door interne services;GitLab | CRM-systeem | Boekhoudsysteem;5;"Importeert functies voor het creëren van deals, inclusief retry-mechanismen en pijplijnbeheer. | Importeert functies voor het bijwerken van bestaande deals, zoals stage-controles en bedrijf/contact wijzigingen. | Verzamelt alle relevante dealgerelateerde functionaliteit voor eenvoudige toegang en hergebruik. | Biedt ondersteuning voor de verwerking van btw, maandelijkse en jaarlijkse pijplijnen. | Faciliteert updates van deals bij wijzigingen in bedrijfs- of contactgegevens.";;;;;;app/service/operations/operations.py;app/service/operations/operations.py;;;2026-05-05T08:44:32.673+00:00;;;
AUTO-064;BTW Toewijzing Propagatie;gitlab;;approved;Inactief;Backend Script;Dit script synchroniseert de controleur en eigenaar van een afgeronde btw-deal naar toekomstige btw-deals van hetzelfde bedrijf.;"Wanneer een BTW-deal in HubSpot de status ""afgerond"" bereikt (waarschijnlijk via een webhook of API aanroep).";GitLab | HubSpot;5;"Haal de details op van de afgeronde btw-deal (bron-deal) inclusief relevante eigenschappen. | Controleer of de bron-deal een geldige btw-deal is met jaar/kwartaal en een toegewezen controleur of eigenaar. | Haal alle gerelateerde deals van hetzelfde bedrijf op uit HubSpot. | Identificeer toekomstige btw-deals (met een later jaar/kwartaal) die nog niet zijn toegewezen of afwijkende waarden hebben. | Werk de ""controleur"" en/of ""hubspot_owner_id"" van de geïdentificeerde toekomstige deals bij met de waarden van de bron-deal.";;;;;;app/service/properties/btw_assignment.py;app/service/properties/btw_assignment.py;;;2026-05-05T08:44:32.673+00:00;;;
AUTO-065;JR Eigenaren Overzicht voor IB Deals;gitlab;;approved;Inactief;Backend Script;Dit script verzamelt en toont een overzicht van jaarrekeningboekers op gerelateerde IB-dossiers in HubSpot.;Via een ander intern script;GitLab | HubSpot;5;Haal de lijst met toegestane jaarrekeningboekers op uit HubSpot deal properties. | Identificeer het contactpersoon en de bijbehorende bedrijven van het IB-dossier. | Verzamel alle relevante jaarrekeningdossiers gekoppeld aan deze bedrijven voor het opgegeven jaar. | Extraheer de eigenaren van de gevonden jaarrekeningdossiers en valideer ze tegen de toegestane boekers. | Formateer de namen van de gevalideerde eigenaren en werk de 'jr_boekers' property van het IB-dossier bij.;;;;;;app/service/properties/ib_jr_owners.py;app/service/properties/ib_jr_owners.py;;;2026-05-05T08:44:32.673+00:00;;;
AUTO-066;Jaarrekening Deal Update en Prioriteit Synchronisatie;gitlab;;approved;Inactief;Backend Script;"Dit script beheert de dealstadia en prioriteiten van jaarrekening-deals in HubSpot, gebaseerd op de status van gerelateerde inkomstenbelasting-deals en specifieke eigenschappen.";Webhook/API aanroep bij een update van een Inkomstenbelasting (IB) of Jaarrekening (JR) deal in HubSpot;GitLab | HubSpot;5;"Haal de details op van de Inkomstenbelasting (IB) of Jaarrekening (JR) deal die de trigger heeft geactiveerd, inclusief jaar en relevante status. | Identificeer alle gerelateerde Jaarrekening (JR) deals voor dezelfde contactpersoon en hetzelfde jaar. | Controleer of de dealstage van de gevonden JR-deals moet worden aangepast naar een prioriteitsstage, gebaseerd op de huidige stage en de status van de IB-deal. | Synchroniseer de prioriteitsvlag (hs_priority) van de gerelateerde JR-deals op basis van de 'ib_typeform_ingevuld' eigenschap van de IB-deal. | Voer een specifieke controle uit voor een individuele JR-deal om te bepalen of deze naar een hogere prioriteitsstage moet worden verplaatst als de IB-deal gereed is.";;;;;;app/service/properties/jr_pipeline.py;app/service/properties/jr_pipeline.py;;;2026-05-05T08:44:32.673+00:00;;;
AUTO-067;HubSpot BTW Deal Updates vanuit Dossierwijzigingen;gitlab;;approved;Inactief;Backend Script;Dit script synchroniseert BTW-gerelateerde dealgegevens in HubSpot op basis van wijzigingen in dossiers en nieuwe associaties.;"Webhook bij wijzigingen in HubSpot dossiers, bedrijf- en dealassociaties.";GitLab | HubSpot;5;"Ontvang een trigger over een wijziging in een HubSpot dossier, bedrijf of deal. | Haal de bijbehorende entiteiten (bedrijven, dossiers, deals) op uit HubSpot. | Extraheer de specifieke eigenschapswaarde uit het dossier. | Identificeer en verzamel alle relevante BTW-deals. | Werk de gevonden BTW-deals bij met de meest recente dossierinformatie.";;;;;;app/service/properties/dossier_to_deal.py;app/service/properties/dossier_to_deal.py;;;2026-05-05T08:44:32.673+00:00;;;
AUTO-068;IB gereed om te maken statuscontrole;gitlab;;approved;Inactief;Backend Script;Controleert de status van gerelateerde Jaarrekening deals en loonadministratie om te bepalen of een Inkomstenbelasting deal gereed is en werkt een eigenschap in HubSpot bij.;Programmatisch na een update van een Jaarrekening deal in HubSpot.;GitLab | HubSpot;5;"Haal Jaarrekening deal en gekoppelde contacten op uit HubSpot. | Identificeer alle bedrijven die gekoppeld zijn aan de contacten. | Evalueer voor elk bedrijf de status van Jaarrekening- en Loonadministratie deals. | Bepaal op basis van BV/EZ en dealstatus of aan de voorwaarden is voldaan. | Zoek relevante IB deals en update de status ""jaarrekeningen_klaar_om_ib_te_maken"" in HubSpot.";;;;;;app/service/properties/ib_kan_gemaakt_worden.py;app/service/properties/ib_kan_gemaakt_worden.py;;;2026-05-05T08:44:32.673+00:00;;;
AUTO-069;HubSpot API Rate Limiter;gitlab;;approved;Inactief;Backend Script;"Dit script beheert en limiteert de frequentie van uitgaande API-aanroepen naar HubSpot, inclusief retries en timeout-behandeling, om overschrijding van rate limits te voorkomen.";"Intern; API-aanroepen worden in een wachtrij geplaatst door andere applicatieonderdelen en verwerkt door achtergrondworkers.";GitLab | HubSpot | Sentry;6;Initialiseert asynchrone rate limiters en een wachtrij voor API-aanroepen. | Start meerdere asynchrone workers om API-aanroepen uit de wachtrij te verwerken. | Past per-seconde en per-10-seconden rate limiting toe op uitgaande aanroepen naar HubSpot. | Implementeert automatische retries met exponentiële backoff voor rate limit-fouten (HTTP 429). | Behandelt timeouts van individuele API-aanroepen en plaatst deze tijdelijk in een cooldown-status om herhaalde fouten te voorkomen. | Verzendt timeout-gebeurtenissen naar Sentry voor monitoring.;;;;;;app/service/rate_limiter.py;app/service/rate_limiter.py;;;2026-05-05T08:44:32.673+00:00;;;
AUTO-070;HubSpot Pijplijn Deal Migratie Helper;gitlab;;approved;Inactief;Backend Script;"Dit script biedt hulpprogramma's voor het voorbereiden van het verplaatsen of kopiëren van HubSpot deals tussen verschillende pijplijnen, met behoud van de dealfase.";Programmatisch aangeroepen door een ander script of service;GitLab | HubSpot;4;"Haalt dealfase ID's en labels op voor een specifieke HubSpot pijplijn. | Zoekt HubSpot deals op basis van pijplijn en dealfase, met paginatie ondersteuning. | Genereert de benodigde invoer voor het in batch verplaatsen van deals naar een nieuwe pijplijn. | Genereert de benodigde invoer voor het in batch kopiëren van deals naar een nieuwe pijplijn, inclusief het aanmaken van unieke namen.";;;;;;app/service/sales/split_pipelines.py;app/service/sales/split_pipelines.py;;;2026-05-05T08:44:32.673+00:00;;;
AUTO-071;Machtiging Fiscaal Online Actief Status;gitlab;;approved;Inactief;Backend Script;"Dit script berekent en beheert de 'machtiging actief' status van een deal in HubSpot op basis van de fiscale online machtigingsstatus van het contact en eventuele fiscale partner, inclusief historische data.";Verandering in relevante HubSpot eigenschappen (contact of deal).;GitLab | HubSpot;5;"Definieert constanten voor HubSpot eigenschappen die de fiscale machtiging van contacten en partners bijhouden. | Extraheert en valideert de 'actief' status van machtigingen voor een contact en een eventuele partner, rekening houdend met historische wijzigingen voor een specifieke peildatum. | Combineert de actieve statussen van het contact en de partner om een geconsolideerde status te bepalen (bijv. 'Contact actief, geen partner', 'Contact en Partner actief'). | Bepaalt de uiteindelijke waarde voor de 'machtiging actief' eigenschap van een deal op basis van deze geconsolideerde status en beschikbare opties in HubSpot. | Werkt de 'machtiging actief' eigenschap van de relevante deal bij in HubSpot met de berekende status.";;;;;;app/service/properties/machtiging_actief.py;app/service/properties/machtiging_actief.py;;;2026-05-05T08:44:32.673+00:00;;;
AUTO-072;Type Definities Applicatie;gitlab;;approved;Inactief;Backend Script;Definieert gemeenschappelijke type aliassen die in de applicatie worden gebruikt.;Geen (dit is een definitiebestand);GitLab | HubSpot;3;"Definieert HubSpot-gerelateerde typen zoals HubSpotProperties en HubSpotObject. | Definieert ID-typen voor HubSpot-entiteiten zoals DealId, ContactId, CompanyId, OwnerId, PipelineId, StageId. | Definieert DossierId.";;;;;;app/types.py;app/types.py;;;2026-05-05T08:44:32.673+00:00;;;
AUTO-073;HubSpot Hulpprogramma Functies;gitlab;;approved;Inactief;Backend Script;Biedt herbruikbare functies voor het verwerken van HubSpot API-responses en data.;"Geen, dit zijn hulpprogrammafuncties die door andere scripts worden aangeroepen.";GitLab | HubSpot;4;Biedt functies voor typeconversie en datumanalyse. | Parseert kwartaal- en dagelijkse tijdswaarden uit strings. | Extraheert eigenschappen en paginatie-informatie uit HubSpot objecten. | Transformeert HubSpot dealgegevens naar een gestandaardiseerd formaat.;;;;;;app/utils.py;app/utils.py;;;2026-05-05T08:44:32.673+00:00;;;
AUTO-074;Synchronisatie openstaand bedrag;gitlab;;approved;Inactief;Backend Script;Synchroniseert openstaande bedragen van WeFact facturen naar HubSpot bedrijf- en contactrecords.;Dagelijkse geplande taak (cron);GitLab | WeFact | HubSpot;5;Haal openstaande factuurbedragen op per debiteur vanuit WeFact. | Zoek overeenkomstige bedrijven in HubSpot met behulp van de WeFact bedrijfs-ID. | Werk het 'openstaand bedrag' veld bij voor de gevonden bedrijven in HubSpot. | Bereken het totale openstaande bedrag voor contacten die aan deze bedrijven zijn gekoppeld. | Werk het 'totaal openstaand bedrag' veld bij voor de relevante contacten in HubSpot.;;;;;;app/service/wefact/openstaand_bedrag.py;app/service/wefact/openstaand_bedrag.py;;;2026-05-05T08:44:32.673+00:00;;;
AUTO-075;Wefact Klant- en Factuurbeheer;gitlab;;approved;Inactief;Backend Script;"Dit script helpt bij het aanmaken, bijwerken en ophalen van debiteuren en factuurgegevens in Wefact, vaak gekoppeld aan HubSpot of Clockify data.";via aanroepend systeem;GitLab | Wefact | HubSpot | Clockify;5;"Initialiseert de Wefact API-client met de benodigde authenticatiegegevens. | Handhaaft een rate-limit mechanisme om de Wefact API-gebruiksbeperkingen te respecteren. | Biedt functionaliteit om debiteuren op te halen, bijvoorbeeld op klantnummer of via een aangepast veld voor HubSpot ID. | Maakt het mogelijk om nieuwe debiteuren aan te maken of bestaande debiteuren bij te werken in Wefact. | Ondersteunt het ophalen van factuurlijsten uit Wefact.";;;;;;app/service/wefact/wefact.py;app/service/wefact/wefact.py;;;2026-05-05T08:44:32.673+00:00;;;
AUTO-076;HubSpot Eigenschappen Automatisering;gitlab;;approved;Inactief;Backend Script;Dit script beheert geautomatiseerde updates en routering van deals en contacten in HubSpot op basis van externe triggers en interne logica.;API endpoint POST /properties/*;GitLab | HubSpot;5;"Het script exposeert meerdere HTTP POST-endpoints via FastAPI. | Elk endpoint ontvangt een specifieke payload met deal- of contactinformatie. | Het script voert logica uit om eigenschappen van deals en contacten in HubSpot bij te werken. | Taken zoals fase-toewijzing of synchronisatie worden vaak asynchroon uitgevoerd via achtergrondtaken. | Het coördineert updates voor verschillende dealtypes (IB, JR, BTW, VA) en gerelateerde machtigingen.";;/properties/assign_correct_stage | /properties/update_vpb_deals_when_jr_updated | /properties/get_property/{object_type} | /properties/update_ib_kan_gemaakt_worden | /properties/jr_prio_from_ib | /properties/jr_priority_dot_from_ib_typeform | /properties/ib/prereqs_webhook | /properties/ib/machtiging_actief_webhook | /properties/ib/machtiging_actief_contact_webhook | /properties/ib/route_after_typeform_and_machtiging | /properties/ib/finished_webhook | /properties/btw/finished_webhook | /properties/ib/sync_jr_owners_same_year | /properties/va_ib/finished_webhook | /properties/vpb/finished_webhook | /properties/va_vpb/finished_webhook | /properties/jr_prio_if_ib_ready_except_jr | /properties/jr/sync_related_ib_jr_owners_same_year | /properties/check_correct_stage | /properties/btw/update_next_quarter_prev2m | /properties/update_jr_stage_from_btw_geboekt | /properties/update_year;;;;app/API/properties.py;app/API/properties.py;;;2026-05-05T08:44:32.673+00:00;;;
AUTO-077;KvK Bedrijfsgegevens Ophalen;gitlab;;approved;Inactief;Backend Script;Dit script haalt bedrijfsgegevens op van de Kamer van Koophandel (KvK) API en bereidt deze voor om te synchroniseren met HubSpot.;Aangeroepen door een ander intern script;GitLab | Kamer van Koophandel (KvK) | HubSpot | Sentry;5;Zoekt bedrijfsgegevens op via de KvK Zoeken API. | Selecteert het meest relevante zoekresultaat (bij voorkeur een Hoofdvestiging). | Haalt gedetailleerde bedrijfsinformatie op via de KvK Basisprofiel API. | Normaliseert en verwerkt de opgehaalde bedrijfs- en adresgegevens. | Bereidt de gegevens voor om te worden gesynchroniseerd met HubSpot.;;;;;;app/service/kvk/kvk.py;app/service/kvk/kvk.py;;;2026-05-05T08:44:32.673+00:00;;;
AUTO-078;Verwerken van Sales Leads;gitlab;;approved;Inactief;Backend Script;Dit script verwerkt inkomende sales leads van platforms zoals Trustoo en Ligo en creëert of werkt gerelateerde records bij in HubSpot.;Webhook of API endpoint;GitLab | HubSpot | Trustoo | Ligo | Calendly;3;"Verwerken en formatteren van inkomende leadgegevens van bronnen zoals Trustoo en Ligo. | Genereren van gestandaardiseerde contact-, bedrijfs-, deal- en notitie-eigenschappen. | Aanmaken of bijwerken van gerelateerde records (contacten, bedrijven, deals, notities) in HubSpot.";;;;;;app/service/sales/sales.py;app/service/sales/sales.py;;;2026-05-05T08:44:32.673+00:00;;;
AUTO-119;Typeform Webhook Verwerking en Integratie;gitlab;;approved;Inactief;Backend Script;Dit script verwerkt Typeform webhook-inzendingen door bestanden en een samenvattings-PDF te uploaden naar SharePoint en gerelateerde deals in HubSpot bij te werken.;Typeform webhook (POST);GitLab | Typeform | SharePoint | HubSpot;6;"Valideer de Typeform webhook-handtekening en verwerk de payload. | Haal de contact-ID op uit de Typeform-inzending. | Zoek of creëer de bijbehorende contact-, jaar- en IB Typeform-mappen in SharePoint. | Upload alle bijlagen uit de Typeform-inzending naar de IB Typeform-map in SharePoint. | Genereer een samenvattingsdocument van de inzending en upload dit als PDF naar SharePoint. | Werk de ""IB Typeform ingevuld"" eigenschap bij voor relevante HubSpot deals van het contact.";;;;;;app/service/typeform/typeform.py;app/service/typeform/typeform.py;;;2026-05-05T08:44:32.673+00:00;;;
AUTO-120;Contact change endpoint (POST /operations/hubspot/contact/updating_dealname);gitlab;gitlab;approved;Actief;Backend Script;"Deze automation start wanneer het endpoint POST /operations/hubspot/contact/updating_dealname wordt aangeroepen en raakt vooral HubSpot. De handler contact_change_endpoint verwerkt dit verzoek en voert de logica uit voor: contact change endpoint. De belangrijkste stappen zijn: Zet een achtergrondtaak klaar: Contact change task; Voert een asynchrone vervolgstap uit: Contact change; Voert vervolgstap uit: Contact change.";POST /operations/hubspot/contact/updating_dealname;GitLab | HubSpot;3;Zet een achtergrondtaak klaar: Contact change task | Voert een asynchrone vervolgstap uit: Contact change | Voert vervolgstap uit: Contact change;;/operations/hubspot/contact/updating_dealname;POST;/operations/hubspot/contact/updating_dealname;contact_change_endpoint;app/API/operations.py::POST /operations/hubspot/contact/updating_dealname;app/API/operations.py;;;2026-05-08T10:07:20.273+00:00;2026-05-07T11:40:17.932+00:00;;
AUTO-121;Put active deals in new deal (POST /operations/hubspot/put_active_deals_in_new_deal);gitlab;gitlab;approved;Actief;Backend Script;"Deze automation start wanneer het endpoint POST /operations/hubspot/put_active_deals_in_new_deal wordt aangeroepen en raakt vooral HubSpot. De handler put_active_deals_in_new_deal verwerkt dit verzoek en voert de logica uit voor: put active deals in new deal. De belangrijkste stappen zijn: Voert een asynchrone vervolgstap uit: Put deals in new deal; Voert een asynchrone vervolgstap uit: Create new deal; Voert vervolgstap uit: Create new deal; Voert vervolgstap uit: Put deals in new deal.";POST /operations/hubspot/put_active_deals_in_new_deal;GitLab | HubSpot;4;Voert een asynchrone vervolgstap uit: Put deals in new deal | Voert een asynchrone vervolgstap uit: Create new deal | Voert vervolgstap uit: Create new deal | Voert vervolgstap uit: Put deals in new deal;;/operations/hubspot/put_active_deals_in_new_deal;POST;/operations/hubspot/put_active_deals_in_new_deal;put_active_deals_in_new_deal;app/API/operations.py::POST /operations/hubspot/put_active_deals_in_new_deal;app/API/operations.py;;;2026-05-08T10:07:20.273+00:00;2026-05-07T11:40:16.053+00:00;;
AUTO-122;Get company deals (POST /operations/get_company_deals);gitlab;gitlab;approved;Actief;Backend Script;"Deze automation start wanneer het endpoint POST /operations/get_company_deals wordt aangeroepen en raakt vooral HubSpot. De handler get_company_deals verwerkt dit verzoek en voert de logica uit voor: get company deals. De belangrijkste stappen zijn: Leest of wijzigt gegevens in HubSpot: Get deals for company; Voert vervolgstap uit: Get associated objects; Voert vervolgstap uit: Client.crm.associations.v4.basic api.get page.";POST /operations/get_company_deals;GitLab | HubSpot;3;Leest of wijzigt gegevens in HubSpot: Get deals for company | Voert vervolgstap uit: Get associated objects | Voert vervolgstap uit: Client.crm.associations.v4.basic api.get page;;/operations/get_company_deals;POST;/operations/get_company_deals;get_company_deals;app/API/operations.py::POST /operations/get_company_deals;app/API/operations.py;;;2026-05-08T10:07:20.273+00:00;2026-05-07T11:40:15.187+00:00;;
AUTO-123;Move dm deal to geen ib (POST /operations/hubspot/move_dm_deal_to_geen_ib);gitlab;gitlab;approved;Actief;Backend Script;"Deze automation start wanneer het endpoint POST /operations/hubspot/move_dm_deal_to_geen_ib wordt aangeroepen en raakt vooral HubSpot. De handler move_dm_deal_to_geen_ib verwerkt dit verzoek en voert de logica uit voor: move dm deal to geen ib. De belangrijkste stappen zijn: Voert een asynchrone vervolgstap uit: Update doorlopende machtiging deal; Voert vervolgstap uit: Update doorlopende machtiging deal.";POST /operations/hubspot/move_dm_deal_to_geen_ib;GitLab | HubSpot;2;Voert een asynchrone vervolgstap uit: Update doorlopende machtiging deal | Voert vervolgstap uit: Update doorlopende machtiging deal;;/operations/hubspot/move_dm_deal_to_geen_ib;POST;/operations/hubspot/move_dm_deal_to_geen_ib;move_dm_deal_to_geen_ib;app/API/operations.py::POST /operations/hubspot/move_dm_deal_to_geen_ib;app/API/operations.py;;;2026-05-08T10:07:20.273+00:00;2026-05-07T11:40:14.629+00:00;;
AUTO-124;Ib prereqs webhook (POST /properties/ib/prereqs_webhook);gitlab;gitlab;approved;Actief;Backend Script;"Deze automation start wanneer het endpoint POST /properties/ib/prereqs_webhook wordt aangeroepen en raakt vooral HubSpot. De handler ib_prereqs_webhook verwerkt dit verzoek en voert de logica uit voor: ib prereqs webhook. De belangrijkste stappen zijn: Voert een asynchrone vervolgstap uit: Sync ib deal machtiging actief; Leest of wijzigt gegevens in HubSpot: Get deal info; Voert vervolgstap uit: Client.crm.deals.basic api.get by id; Leest of wijzigt gegevens in HubSpot: Get contact id; Voert vervolgstap uit: Get associated id; Leest of wijzigt gegevens in HubSpot: Get contact info with history.";POST /properties/ib/prereqs_webhook;GitLab | HubSpot;6;Voert een asynchrone vervolgstap uit: Sync ib deal machtiging actief | Leest of wijzigt gegevens in HubSpot: Get deal info | Voert vervolgstap uit: Client.crm.deals.basic api.get by id | Leest of wijzigt gegevens in HubSpot: Get contact id | Voert vervolgstap uit: Get associated id | Leest of wijzigt gegevens in HubSpot: Get contact info with history;;/properties/ib/prereqs_webhook;POST;/properties/ib/prereqs_webhook;ib_prereqs_webhook;app/API/properties.py::POST /properties/ib/prereqs_webhook;app/API/properties.py;;;2026-05-08T10:07:20.273+00:00;2026-05-07T11:40:14.148+00:00;;
AUTO-125;Va ib finished webhook (POST /properties/va_ib/finished_webhook);gitlab;gitlab;approved;Actief;Backend Script;"Deze automation start wanneer het endpoint POST /properties/va_ib/finished_webhook wordt aangeroepen. De handler va_ib_finished_webhook verwerkt dit verzoek en voert de logica uit voor: va ib finished webhook. De belangrijkste stappen zijn: Voert een asynchrone vervolgstap uit: Va ib.handle va ib finished; Voert vervolgstap uit: Va ib.handle va ib finished.";POST /properties/va_ib/finished_webhook;GitLab;2;Voert een asynchrone vervolgstap uit: Va ib.handle va ib finished | Voert vervolgstap uit: Va ib.handle va ib finished;;/properties/va_ib/finished_webhook;POST;/properties/va_ib/finished_webhook;va_ib_finished_webhook;app/API/properties.py::POST /properties/va_ib/finished_webhook;app/API/properties.py;;;2026-05-08T10:07:20.273+00:00;2026-05-07T11:40:13.563+00:00;;
AUTO-126;Leads trustoo (POST /sales/leads/hubspot/trustoo);gitlab;gitlab;approved;Actief;Backend Script;"Deze automation start wanneer het endpoint POST /sales/leads/hubspot/trustoo wordt aangeroepen en raakt vooral HubSpot. De handler leads_trustoo verwerkt dit verzoek en voert de logica uit voor: leads trustoo. De belangrijkste stappen zijn: Zet een achtergrondtaak klaar: Add lead to hubspot; Leest of wijzigt gegevens in HubSpot: Find contact by email; Leest of wijzigt gegevens in HubSpot: Update contact; Voert vervolgstap uit: Client.crm.contacts.basic api.update; Leest of wijzigt gegevens in HubSpot: Create contact; Voert vervolgstap uit: Client.crm.contacts.basic api.create.";POST /sales/leads/hubspot/trustoo;GitLab | HubSpot;6;Zet een achtergrondtaak klaar: Add lead to hubspot | Leest of wijzigt gegevens in HubSpot: Find contact by email | Leest of wijzigt gegevens in HubSpot: Update contact | Voert vervolgstap uit: Client.crm.contacts.basic api.update | Leest of wijzigt gegevens in HubSpot: Create contact | Voert vervolgstap uit: Client.crm.contacts.basic api.create;;/sales/leads/hubspot/trustoo;POST;/sales/leads/hubspot/trustoo;leads_trustoo;app/API/sales.py::POST /sales/leads/hubspot/trustoo;app/API/sales.py;;;2026-05-08T10:07:20.273+00:00;2026-05-07T11:40:13.003+00:00;;
AUTO-127;Upsert wefact debtor from hubspot (POST /wefact/hubspot/upsert_debtor);gitlab;gitlab;approved;Actief;Backend Script;"Deze automation start wanneer het endpoint POST /wefact/hubspot/upsert_debtor wordt aangeroepen en raakt vooral HubSpot, WeFact. De handler upsert_wefact_debtor_from_hubspot verwerkt dit verzoek en voert de logica uit voor: upsert wefact debtor from hubspot. De belangrijkste stappen zijn: Voert vervolgstap uit: Upsert debtor from hubspot; Voert vervolgstap uit: Debtor add; Voert vervolgstap uit: Build debtor payload; Voert vervolgstap uit: Wefact post; Voert vervolgstap uit: Update company properties; Voert vervolgstap uit: Client.crm.companies.basic api.update.";POST /wefact/hubspot/upsert_debtor;GitLab | HubSpot | WeFact;6;Voert vervolgstap uit: Upsert debtor from hubspot | Voert vervolgstap uit: Debtor add | Voert vervolgstap uit: Build debtor payload | Voert vervolgstap uit: Wefact post | Voert vervolgstap uit: Update company properties | Voert vervolgstap uit: Client.crm.companies.basic api.update;;/wefact/hubspot/upsert_debtor;POST;/wefact/hubspot/upsert_debtor;upsert_wefact_debtor_from_hubspot;app/API/wefact.py::POST /wefact/hubspot/upsert_debtor;app/API/wefact.py;;;2026-05-08T10:07:20.273+00:00;2026-05-07T11:40:12.483+00:00;;
AUTO-128;Update dossier (POST /operations/hubspot/dossiers/{contact_id});gitlab;gitlab;approved;Actief;Backend Script;"Deze automation start wanneer het endpoint POST /operations/hubspot/dossiers/{contact_id} wordt aangeroepen en raakt vooral HubSpot. De handler update_dossier verwerkt dit verzoek en voert de logica uit voor: update dossier. De belangrijkste stappen zijn: Leest of wijzigt gegevens in HubSpot: Get object to dossier associations; Voert vervolgstap uit: Client.crm.associations.v4.basic api.get page; Voert vervolgstap uit: HubSpotAPIError; Leest of wijzigt gegevens in HubSpot: Update dossier; Voert vervolgstap uit: Client.crm.objects.basic api.update.";POST /operations/hubspot/dossiers/{contact_id};GitLab | HubSpot;5;Leest of wijzigt gegevens in HubSpot: Get object to dossier associations | Voert vervolgstap uit: Client.crm.associations.v4.basic api.get page | Voert vervolgstap uit: HubSpotAPIError | Leest of wijzigt gegevens in HubSpot: Update dossier | Voert vervolgstap uit: Client.crm.objects.basic api.update;;/operations/hubspot/dossiers/{contact_id};POST;/operations/hubspot/dossiers/{contact_id};update_dossier;app/API/operations.py::POST /operations/hubspot/dossiers/{contact_id};app/API/operations.py;;;2026-05-08T10:07:20.273+00:00;2026-05-07T11:40:11.924+00:00;;
AUTO-129;Reset betaalt niet (POST /operations/hubspot/reset_betaalt_niet);gitlab;gitlab;approved;Actief;Backend Script;"Deze automation start wanneer het endpoint POST /operations/hubspot/reset_betaalt_niet wordt aangeroepen en raakt vooral HubSpot. De handler reset_betaalt_niet verwerkt dit verzoek en voert de logica uit voor: reset betaalt niet. De belangrijkste stappen zijn: Voert een asynchrone vervolgstap uit: Reset all from betaalt niet; Leest of wijzigt gegevens in HubSpot: Get company id; Voert vervolgstap uit: Get associated id; Leest of wijzigt gegevens in HubSpot: Get contact id; Leest of wijzigt gegevens in HubSpot: Get company info; Voert vervolgstap uit: Client.crm.companies.basic api.get by id.";POST /operations/hubspot/reset_betaalt_niet;GitLab | HubSpot;6;Voert een asynchrone vervolgstap uit: Reset all from betaalt niet | Leest of wijzigt gegevens in HubSpot: Get company id | Voert vervolgstap uit: Get associated id | Leest of wijzigt gegevens in HubSpot: Get contact id | Leest of wijzigt gegevens in HubSpot: Get company info | Voert vervolgstap uit: Client.crm.companies.basic api.get by id;;/operations/hubspot/reset_betaalt_niet;POST;/operations/hubspot/reset_betaalt_niet;reset_betaalt_niet;app/API/operations.py::POST /operations/hubspot/reset_betaalt_niet;app/API/operations.py;;;2026-05-08T10:07:20.273+00:00;2026-05-07T11:40:11.42+00:00;;
AUTO-130;Check pipeline usage (POST /operations/hubspot/workflows/pipeline_usage);gitlab;gitlab;approved;Actief;Backend Script;"Deze automation start wanneer het endpoint POST /operations/hubspot/workflows/pipeline_usage wordt aangeroepen en raakt vooral HubSpot. De handler check_pipeline_usage verwerkt dit verzoek en voert de logica uit voor: check pipeline usage. De belangrijkste stappen zijn: Voert een asynchrone vervolgstap uit: Search workflows; Voert vervolgstap uit: Search workflows.";POST /operations/hubspot/workflows/pipeline_usage;GitLab | HubSpot;2;Voert een asynchrone vervolgstap uit: Search workflows | Voert vervolgstap uit: Search workflows;;/operations/hubspot/workflows/pipeline_usage;POST;/operations/hubspot/workflows/pipeline_usage;check_pipeline_usage;app/API/operations.py::POST /operations/hubspot/workflows/pipeline_usage;app/API/operations.py;;;2026-05-08T10:07:20.273+00:00;2026-05-07T11:40:10.835+00:00;;
AUTO-131;Get property (POST /properties/get_property/{object_type});gitlab;gitlab;approved;Actief;Backend Script;"Deze automation start wanneer het endpoint POST /properties/get_property/{object_type} wordt aangeroepen en raakt vooral HubSpot. De handler get_property verwerkt dit verzoek en voert de logica uit voor: get property. De belangrijkste stappen zijn: Leest of wijzigt gegevens in HubSpot: Get property; Voert vervolgstap uit: Client.crm.properties.core api.get by name; Voert vervolgstap uit: HubSpotAPIError.";POST /properties/get_property/{object_type};GitLab | HubSpot;3;Leest of wijzigt gegevens in HubSpot: Get property | Voert vervolgstap uit: Client.crm.properties.core api.get by name | Voert vervolgstap uit: HubSpotAPIError;;/properties/get_property/{object_type};POST;/properties/get_property/{object_type};get_property;app/API/properties.py::POST /properties/get_property/{object_type};app/API/properties.py;;;2026-05-08T10:07:20.273+00:00;2026-05-07T11:40:10.283+00:00;;
AUTO-132;Jr priority dot from ib typeform (POST /properties/jr_priority_dot_from_ib_typeform);gitlab;gitlab;approved;Actief;Backend Script;"Deze automation start wanneer het endpoint POST /properties/jr_priority_dot_from_ib_typeform wordt aangeroepen en raakt vooral HubSpot, Typeform. De handler jr_priority_dot_from_ib_typeform verwerkt dit verzoek en voert de logica uit voor: jr priority dot from ib typeform. De belangrijkste stappen zijn: Voert een asynchrone vervolgstap uit: Sync jr priority dot from ib; Leest of wijzigt gegevens in HubSpot: Get deal info; Voert vervolgstap uit: Client.crm.deals.basic api.get by id; Leest of wijzigt gegevens in HubSpot: Get contact id; Voert vervolgstap uit: Get associated id; Leest of wijzigt gegevens in HubSpot: Get deals for contact.";POST /properties/jr_priority_dot_from_ib_typeform;GitLab | HubSpot | Typeform;6;Voert een asynchrone vervolgstap uit: Sync jr priority dot from ib | Leest of wijzigt gegevens in HubSpot: Get deal info | Voert vervolgstap uit: Client.crm.deals.basic api.get by id | Leest of wijzigt gegevens in HubSpot: Get contact id | Voert vervolgstap uit: Get associated id | Leest of wijzigt gegevens in HubSpot: Get deals for contact;;/properties/jr_priority_dot_from_ib_typeform;POST;/properties/jr_priority_dot_from_ib_typeform;jr_priority_dot_from_ib_typeform;app/API/properties.py::POST /properties/jr_priority_dot_from_ib_typeform;app/API/properties.py;;;2026-05-08T10:07:20.273+00:00;2026-05-07T11:40:09.676+00:00;;
AUTO-133;Check correct stage (POST /properties/check_correct_stage);gitlab;gitlab;approved;Actief;Backend Script;"Deze automation start wanneer het endpoint POST /properties/check_correct_stage wordt aangeroepen. De handler check_correct_stage verwerkt dit verzoek en voert de logica uit voor: check correct stage. De belangrijkste stappen zijn: Voert een asynchrone vervolgstap uit: Check correct stage; Voert vervolgstap uit: Check correct stage.";POST /properties/check_correct_stage;GitLab;2;Voert een asynchrone vervolgstap uit: Check correct stage | Voert vervolgstap uit: Check correct stage;;/properties/check_correct_stage;POST;/properties/check_correct_stage;check_correct_stage;app/API/properties.py::POST /properties/check_correct_stage;app/API/properties.py;;;2026-05-08T10:07:20.273+00:00;2026-05-07T11:40:09.084+00:00;;
AUTO-134;Va vpb finished webhook (POST /properties/va_vpb/finished_webhook);gitlab;gitlab;approved;Actief;Backend Script;"Deze automation start wanneer het endpoint POST /properties/va_vpb/finished_webhook wordt aangeroepen. De handler va_vpb_finished_webhook verwerkt dit verzoek en voert de logica uit voor: va vpb finished webhook. De belangrijkste stappen zijn: Voert een asynchrone vervolgstap uit: Va vpb.handle va vpb finished; Voert vervolgstap uit: Va vpb.handle va vpb finished.";POST /properties/va_vpb/finished_webhook;GitLab;2;Voert een asynchrone vervolgstap uit: Va vpb.handle va vpb finished | Voert vervolgstap uit: Va vpb.handle va vpb finished;;/properties/va_vpb/finished_webhook;POST;/properties/va_vpb/finished_webhook;va_vpb_finished_webhook;app/API/properties.py::POST /properties/va_vpb/finished_webhook;app/API/properties.py;;;2026-05-08T10:07:20.273+00:00;2026-05-07T11:40:08.371+00:00;;
AUTO-135;Update year (POST /properties/update_year);gitlab;gitlab;approved;Actief;Backend Script;"Deze automation start wanneer het endpoint POST /properties/update_year wordt aangeroepen en raakt vooral HubSpot. De handler update_year verwerkt dit verzoek en voert de logica uit voor: update year. De belangrijkste stappen zijn: Leest of wijzigt gegevens in HubSpot: Update deal properties; Voert vervolgstap uit: Client.crm.deals.basic api.update; Voert vervolgstap uit: Get year from date.";POST /properties/update_year;GitLab | HubSpot;3;Leest of wijzigt gegevens in HubSpot: Update deal properties | Voert vervolgstap uit: Client.crm.deals.basic api.update | Voert vervolgstap uit: Get year from date;;/properties/update_year;POST;/properties/update_year;update_year;app/API/properties.py::POST /properties/update_year;app/API/properties.py;;;2026-05-08T10:07:20.273+00:00;2026-05-07T11:40:07.859+00:00;;
AUTO-136;Test list by hubspot id (GET /wefact/hubspot/test_list);gitlab;gitlab;approved;Actief;Backend Script;"Deze automation start wanneer het endpoint GET /wefact/hubspot/test_list wordt aangeroepen en raakt vooral HubSpot, WeFact. De handler test_list_by_hubspot_id verwerkt dit verzoek en voert de logica uit voor: test list by hubspot id. De belangrijkste stappen zijn: Voert vervolgstap uit: Debtor show by hubspot id; Voert vervolgstap uit: Debtor list; Voert vervolgstap uit: Wefact post; Voert vervolgstap uit: Debtor show by code.";GET /wefact/hubspot/test_list;GitLab | HubSpot | WeFact;4;Voert vervolgstap uit: Debtor show by hubspot id | Voert vervolgstap uit: Debtor list | Voert vervolgstap uit: Wefact post | Voert vervolgstap uit: Debtor show by code;;/wefact/hubspot/test_list;GET;/wefact/hubspot/test_list;test_list_by_hubspot_id;app/API/wefact.py::GET /wefact/hubspot/test_list;app/API/wefact.py;;;2026-05-08T10:07:20.273+00:00;2026-05-07T11:40:07.275+00:00;;
AUTO-137;Update deal amount (POST /operations/hubspot/new_pipeline/deal/amount);gitlab;gitlab;approved;Actief;Backend Script;"Deze automation start wanneer het endpoint POST /operations/hubspot/new_pipeline/deal/amount wordt aangeroepen en raakt vooral HubSpot. De handler update_deal_amount verwerkt dit verzoek en voert de logica uit voor: update deal amount. De belangrijkste stappen zijn: Voert een asynchrone vervolgstap uit: Update deal amount in new pipeline; Voert vervolgstap uit: Update deal amount in new pipeline.";POST /operations/hubspot/new_pipeline/deal/amount;GitLab | HubSpot;2;Voert een asynchrone vervolgstap uit: Update deal amount in new pipeline | Voert vervolgstap uit: Update deal amount in new pipeline;;/operations/hubspot/new_pipeline/deal/amount;POST;/operations/hubspot/new_pipeline/deal/amount;update_deal_amount;app/API/operations.py::POST /operations/hubspot/new_pipeline/deal/amount;app/API/operations.py;;;2026-05-08T10:07:20.273+00:00;2026-05-07T11:40:06.74+00:00;;
AUTO-138;Active pipelines (GET /operations/hubspot/active_pipelines);gitlab;gitlab;approved;Actief;Backend Script;"Deze automation start wanneer het endpoint GET /operations/hubspot/active_pipelines wordt aangeroepen en raakt vooral HubSpot. De handler active_pipelines verwerkt dit verzoek en voert de logica uit voor: active pipelines. De belangrijkste stappen zijn: Voert een asynchrone vervolgstap uit: Get active pipelines; Voert vervolgstap uit: Get active pipelines.";GET /operations/hubspot/active_pipelines;GitLab | HubSpot;2;Voert een asynchrone vervolgstap uit: Get active pipelines | Voert vervolgstap uit: Get active pipelines;;/operations/hubspot/active_pipelines;GET;/operations/hubspot/active_pipelines;active_pipelines;app/API/operations.py::GET /operations/hubspot/active_pipelines;app/API/operations.py;;;2026-05-08T10:07:20.273+00:00;2026-05-07T11:40:06.163+00:00;;
AUTO-139;Berekening compleet (POST /operations/hubspot/berekening_compleet);gitlab;gitlab;approved;Actief;Backend Script;"Deze automation start wanneer het endpoint POST /operations/hubspot/berekening_compleet wordt aangeroepen en raakt vooral HubSpot. De handler berekening_compleet verwerkt dit verzoek en voert de logica uit voor: berekening compleet. De belangrijkste stappen zijn: Voert een asynchrone vervolgstap uit: Move btw q deal volledige service; Voert vervolgstap uit: Move btw q deal volledige service.";POST /operations/hubspot/berekening_compleet;GitLab | HubSpot;2;Voert een asynchrone vervolgstap uit: Move btw q deal volledige service | Voert vervolgstap uit: Move btw q deal volledige service;;/operations/hubspot/berekening_compleet;POST;/operations/hubspot/berekening_compleet;berekening_compleet;app/API/operations.py::POST /operations/hubspot/berekening_compleet;app/API/operations.py;;;2026-05-08T10:07:20.273+00:00;2026-05-07T11:40:05.619+00:00;;
AUTO-140;Btw finished webhook (POST /properties/btw/finished_webhook);gitlab;gitlab;approved;Actief;Backend Script;"Deze automation start wanneer het endpoint POST /properties/btw/finished_webhook wordt aangeroepen en raakt vooral HubSpot. De handler btw_finished_webhook verwerkt dit verzoek en voert de logica uit voor: btw finished webhook. De belangrijkste stappen zijn: Zet een achtergrondtaak klaar: Sync future btw assignments from finished deal; Leest of wijzigt gegevens in HubSpot: Get deal info; Voert vervolgstap uit: Client.crm.deals.basic api.get by id; Leest of wijzigt gegevens in HubSpot: Get company id; Voert vervolgstap uit: Get associated id; Leest of wijzigt gegevens in HubSpot: Update deal properties.";POST /properties/btw/finished_webhook;GitLab | HubSpot;6;Zet een achtergrondtaak klaar: Sync future btw assignments from finished deal | Leest of wijzigt gegevens in HubSpot: Get deal info | Voert vervolgstap uit: Client.crm.deals.basic api.get by id | Leest of wijzigt gegevens in HubSpot: Get company id | Voert vervolgstap uit: Get associated id | Leest of wijzigt gegevens in HubSpot: Update deal properties;;/properties/btw/finished_webhook;POST;/properties/btw/finished_webhook;btw_finished_webhook;app/API/properties.py::POST /properties/btw/finished_webhook;app/API/properties.py;;;2026-05-08T10:07:20.273+00:00;2026-05-07T11:40:05.004+00:00;;
AUTO-141;Jr sync related ib jr owners same year (POST /properties/jr/sync_related_ib_jr_owners_same_year);gitlab;gitlab;approved;Actief;Backend Script;"Deze automation start wanneer het endpoint POST /properties/jr/sync_related_ib_jr_owners_same_year wordt aangeroepen en raakt vooral HubSpot. De handler jr_sync_related_ib_jr_owners_same_year verwerkt dit verzoek en voert de logica uit voor: jr sync related ib jr owners same year. De belangrijkste stappen zijn: Zet een achtergrondtaak klaar: Sync related ib jr owner summaries from jr; Leest of wijzigt gegevens in HubSpot: Get deal info; Voert vervolgstap uit: Client.crm.deals.basic api.get by id; Leest of wijzigt gegevens in HubSpot: Get deals for contact; Voert vervolgstap uit: Get associated objects; Leest of wijzigt gegevens in HubSpot: Batch get deals info.";POST /properties/jr/sync_related_ib_jr_owners_same_year;GitLab | HubSpot;6;Zet een achtergrondtaak klaar: Sync related ib jr owner summaries from jr | Leest of wijzigt gegevens in HubSpot: Get deal info | Voert vervolgstap uit: Client.crm.deals.basic api.get by id | Leest of wijzigt gegevens in HubSpot: Get deals for contact | Voert vervolgstap uit: Get associated objects | Leest of wijzigt gegevens in HubSpot: Batch get deals info;;/properties/jr/sync_related_ib_jr_owners_same_year;POST;/properties/jr/sync_related_ib_jr_owners_same_year;jr_sync_related_ib_jr_owners_same_year;app/API/properties.py::POST /properties/jr/sync_related_ib_jr_owners_same_year;app/API/properties.py;;;2026-05-08T10:07:20.273+00:00;2026-05-07T11:40:04.443+00:00;;
AUTO-142;Leads solvari (POST /sales/leads/hubspot/solvari);gitlab;gitlab;approved;Actief;Backend Script;"Deze automation start wanneer het endpoint POST /sales/leads/hubspot/solvari wordt aangeroepen en raakt vooral HubSpot. De handler leads_solvari verwerkt dit verzoek en voert de logica uit voor: leads solvari. De belangrijkste stappen zijn: Voert een asynchrone vervolgstap uit: Add lead to hubspot; Leest of wijzigt gegevens in HubSpot: Find contact by email; Leest of wijzigt gegevens in HubSpot: Update contact; Voert vervolgstap uit: Client.crm.contacts.basic api.update; Leest of wijzigt gegevens in HubSpot: Create contact; Voert vervolgstap uit: Client.crm.contacts.basic api.create.";POST /sales/leads/hubspot/solvari;GitLab | HubSpot;6;Voert een asynchrone vervolgstap uit: Add lead to hubspot | Leest of wijzigt gegevens in HubSpot: Find contact by email | Leest of wijzigt gegevens in HubSpot: Update contact | Voert vervolgstap uit: Client.crm.contacts.basic api.update | Leest of wijzigt gegevens in HubSpot: Create contact | Voert vervolgstap uit: Client.crm.contacts.basic api.create;;/sales/leads/hubspot/solvari;POST;/sales/leads/hubspot/solvari;leads_solvari;app/API/sales.py::POST /sales/leads/hubspot/solvari;app/API/sales.py;;;2026-05-08T10:07:20.273+00:00;2026-05-07T11:40:03.908+00:00;;
AUTO-143;Typeform webhook (POST /typeform/webhook);gitlab;gitlab;approved;Actief;Backend Script;"Deze automation start wanneer het endpoint POST /typeform/webhook wordt aangeroepen en raakt vooral Typeform, SharePoint, Microsoft Graph. De handler typeform_webhook verwerkt dit verzoek en voert de logica uit voor: typeform webhook. De belangrijkste stappen zijn: Zet een achtergrondtaak klaar: Process typeform webhook task; Voert vervolgstap uit: Process typeform webhook; Voert vervolgstap uit: Extract contact id; Voert vervolgstap uit: Mark ib typeform completed; Voert vervolgstap uit: Get graph access token; Voert vervolgstap uit: Require env.";POST /typeform/webhook;GitLab | Typeform | SharePoint | Microsoft Graph;6;Zet een achtergrondtaak klaar: Process typeform webhook task | Voert vervolgstap uit: Process typeform webhook | Voert vervolgstap uit: Extract contact id | Voert vervolgstap uit: Mark ib typeform completed | Voert vervolgstap uit: Get graph access token | Voert vervolgstap uit: Require env;;/typeform/webhook;POST;/typeform/webhook;typeform_webhook;app/API/typeform.py::POST /typeform/webhook;app/API/typeform.py;;;2026-05-08T10:07:20.273+00:00;2026-05-07T11:40:03.379+00:00;;
AUTO-GL-2b5c9c47-daae-4f33-816b-167a28303028;Company change endpoint (POST /operations/hubspot/company/updating_dealname);gitlab;gitlab;approved;Actief;Backend Script;"Deze automation start wanneer het endpoint POST /operations/hubspot/company/updating_dealname wordt aangeroepen en raakt vooral HubSpot. De handler company_change_endpoint verwerkt dit verzoek en voert de logica uit voor: company change endpoint. De belangrijkste stappen zijn: Zet een achtergrondtaak klaar: Company change task; Voert een asynchrone vervolgstap uit: Company change; Voert vervolgstap uit: Company change.";POST /operations/hubspot/company/updating_dealname;GitLab | HubSpot;3;Zet een achtergrondtaak klaar: Company change task | Voert een asynchrone vervolgstap uit: Company change | Voert vervolgstap uit: Company change;;/operations/hubspot/company/updating_dealname;POST;/operations/hubspot/company/updating_dealname;company_change_endpoint;app/API/operations.py::POST /operations/hubspot/company/updating_dealname;app/API/operations.py;;;2026-05-08T10:07:20.273+00:00;2026-05-07T11:40:02.811+00:00;;
AUTO-GL-78721b02-fa8b-4576-9965-67b562276f26;Get owner id (GET /operations/hubspot/owner);gitlab;gitlab;approved;Actief;Backend Script;"Deze automation start wanneer het endpoint GET /operations/hubspot/owner wordt aangeroepen en raakt vooral HubSpot. De handler get_owner_id verwerkt dit verzoek en voert de logica uit voor: get owner id. De belangrijkste stappen zijn: Voert een asynchrone vervolgstap uit: Get owner id; Leest of wijzigt gegevens in HubSpot: Get deal info; Voert vervolgstap uit: Client.crm.deals.basic api.get by id; Leest of wijzigt gegevens in HubSpot: Get owner id; Voert vervolgstap uit: Client.crm.owners.owners api.get by id; Voert vervolgstap uit: Get owner id.";GET /operations/hubspot/owner;GitLab | HubSpot;6;Voert een asynchrone vervolgstap uit: Get owner id | Leest of wijzigt gegevens in HubSpot: Get deal info | Voert vervolgstap uit: Client.crm.deals.basic api.get by id | Leest of wijzigt gegevens in HubSpot: Get owner id | Voert vervolgstap uit: Client.crm.owners.owners api.get by id | Voert vervolgstap uit: Get owner id;;/operations/hubspot/owner;GET;/operations/hubspot/owner;get_owner_id;app/API/operations.py::GET /operations/hubspot/owner;app/API/operations.py;;;2026-05-08T10:07:20.273+00:00;2026-05-07T11:40:02.267+00:00;;
AUTO-GL-6d97718e-def8-449d-b245-e88867f25791;Kvk sync company (POST /kvk/hubspot/sync_company);gitlab;gitlab;approved;Actief;Backend Script;"Deze automation start wanneer het endpoint POST /kvk/hubspot/sync_company wordt aangeroepen en raakt vooral HubSpot, KvK. De handler kvk_sync_company verwerkt dit verzoek en voert de logica uit voor: kvk sync company. De belangrijkste stappen zijn: Zet een achtergrondtaak klaar: Kvk sync task; Voert een asynchrone vervolgstap uit: Sync company from kvk; Leest of wijzigt gegevens in HubSpot: Update company properties; Voert vervolgstap uit: Clean digits; Voert vervolgstap uit: Extract results; Voert vervolgstap uit: Pick best result.";POST /kvk/hubspot/sync_company;GitLab | HubSpot | KvK;6;Zet een achtergrondtaak klaar: Kvk sync task | Voert een asynchrone vervolgstap uit: Sync company from kvk | Leest of wijzigt gegevens in HubSpot: Update company properties | Voert vervolgstap uit: Clean digits | Voert vervolgstap uit: Extract results | Voert vervolgstap uit: Pick best result;;/kvk/hubspot/sync_company;POST;/kvk/hubspot/sync_company;kvk_sync_company;app/API/kvk.py::POST /kvk/hubspot/sync_company;app/API/kvk.py;;;2026-05-08T10:07:20.273+00:00;2026-05-07T11:40:01.675+00:00;;
AUTO-GL-251332b6-3b98-43ec-81b8-6658f6e2ee96;Delete vat deal endpoint (POST /operations/hubspot/deal/delete_vat_deal);gitlab;gitlab;approved;Actief;Backend Script;"Deze automation start wanneer het endpoint POST /operations/hubspot/deal/delete_vat_deal wordt aangeroepen en raakt vooral HubSpot. De handler delete_vat_deal_endpoint verwerkt dit verzoek en voert de logica uit voor: delete vat deal endpoint. De belangrijkste stappen zijn: Leest of wijzigt gegevens in HubSpot: Delete deal; Voert vervolgstap uit: Client.crm.deals.basic api.archive; Voert een asynchrone vervolgstap uit: Get deal in vat pipeline; Voert vervolgstap uit: Get deal in vat pipeline.";POST /operations/hubspot/deal/delete_vat_deal;GitLab | HubSpot;4;Leest of wijzigt gegevens in HubSpot: Delete deal | Voert vervolgstap uit: Client.crm.deals.basic api.archive | Voert een asynchrone vervolgstap uit: Get deal in vat pipeline | Voert vervolgstap uit: Get deal in vat pipeline;;/operations/hubspot/deal/delete_vat_deal;POST;/operations/hubspot/deal/delete_vat_deal;delete_vat_deal_endpoint;app/API/operations.py::POST /operations/hubspot/deal/delete_vat_deal;app/API/operations.py;;;2026-05-08T10:07:20.273+00:00;2026-05-07T11:40:01.107+00:00;;
AUTO-GL-ab343aa6-a3ef-4003-a820-7685b36396c3;Upsert clockify client from hubspot (POST /clockify/hubspot/upsert_client);gitlab;gitlab;approved;Actief;Backend Script;"Deze automation start wanneer het endpoint POST /clockify/hubspot/upsert_client wordt aangeroepen en raakt vooral HubSpot, Clockify. De handler upsert_clockify_client_from_hubspot verwerkt dit verzoek en voert de logica uit voor: upsert clockify client from hubspot. De belangrijkste stappen zijn: Voert vervolgstap uit: Upsert client from hubspot; Voert vervolgstap uit: List clients by hubspot id; Voert vervolgstap uit: Respect clockify rate limit; Voert vervolgstap uit: Update client name and note; Voert vervolgstap uit: Ensure projects for client; Voert vervolgstap uit: Get projects for client.";POST /clockify/hubspot/upsert_client;GitLab | HubSpot | Clockify;6;Voert vervolgstap uit: Upsert client from hubspot | Voert vervolgstap uit: List clients by hubspot id | Voert vervolgstap uit: Respect clockify rate limit | Voert vervolgstap uit: Update client name and note | Voert vervolgstap uit: Ensure projects for client | Voert vervolgstap uit: Get projects for client;;/clockify/hubspot/upsert_client;POST;/clockify/hubspot/upsert_client;upsert_clockify_client_from_hubspot;app/API/clockify.py::POST /clockify/hubspot/upsert_client;app/API/clockify.py;;;2026-05-08T10:07:20.273+00:00;2026-05-07T11:40:00.604+00:00;;
AUTO-GL-0126d88e-e5fa-4d96-b0bb-78f1c1498d98;Clone pipeline (POST /operations/hubspot/clone_pipeline);gitlab;gitlab;approved;Actief;Backend Script;Deze automation start wanneer het endpoint POST /operations/hubspot/clone_pipeline wordt aangeroepen en raakt vooral HubSpot. De handler clone_pipeline verwerkt dit verzoek en voert de logica uit voor: clone pipeline. De belangrijkste stappen zijn: Leest of wijzigt gegevens in HubSpot: Clone pipeline.;POST /operations/hubspot/clone_pipeline;GitLab | HubSpot;1;Leest of wijzigt gegevens in HubSpot: Clone pipeline;;/operations/hubspot/clone_pipeline;POST;/operations/hubspot/clone_pipeline;clone_pipeline;app/API/operations.py::POST /operations/hubspot/clone_pipeline;app/API/operations.py;;;2026-05-08T10:07:20.273+00:00;2026-05-07T11:40:00.085+00:00;;
AUTO-GL-88cf40e9-9423-4911-858c-24070ea6299c;New create deal (POST /operations/hubspot/create_new_deal);gitlab;gitlab;approved;Actief;Backend Script;"Deze automation start wanneer het endpoint POST /operations/hubspot/create_new_deal wordt aangeroepen en raakt vooral HubSpot. De handler new_create_deal verwerkt dit verzoek en voert de logica uit voor: new create deal. De belangrijkste stappen zijn: Voert een asynchrone vervolgstap uit: Create new deal; Voert vervolgstap uit: Create new deal.";POST /operations/hubspot/create_new_deal;GitLab | HubSpot;2;Voert een asynchrone vervolgstap uit: Create new deal | Voert vervolgstap uit: Create new deal;;/operations/hubspot/create_new_deal;POST;/operations/hubspot/create_new_deal;new_create_deal;app/API/operations.py::POST /operations/hubspot/create_new_deal;app/API/operations.py;;;2026-05-08T10:07:20.273+00:00;2026-05-07T11:39:59.515+00:00;;
AUTO-GL-e82401f9-9068-4878-ad8c-fc48ebf7f3ae;Change bank connection status (POST /portal/hubspot/bank_connection_status);gitlab;gitlab;approved;Actief;Backend Script;"Deze automation start wanneer het endpoint POST /portal/hubspot/bank_connection_status wordt aangeroepen en raakt vooral HubSpot. De handler change_bank_connection_status verwerkt dit verzoek en voert de logica uit voor: change bank connection status. De belangrijkste stappen zijn: Leest of wijzigt gegevens in HubSpot: Update bank connection status; Voert vervolgstap uit: Client.crm.companies.basic api.update.";POST /portal/hubspot/bank_connection_status;GitLab | HubSpot;2;Leest of wijzigt gegevens in HubSpot: Update bank connection status | Voert vervolgstap uit: Client.crm.companies.basic api.update;;/portal/hubspot/bank_connection_status;POST;/portal/hubspot/bank_connection_status;change_bank_connection_status;app/API/portal.py::POST /portal/hubspot/bank_connection_status;app/API/portal.py;;;2026-05-08T10:07:20.273+00:00;2026-05-07T11:39:59.003+00:00;;
AUTO-GL-5aee7cf9-a3f3-429f-96b7-2fcae2729e09;Set vpb prio (POST /properties/update_vpb_deals_when_jr_updated);gitlab;gitlab;approved;Actief;Backend Script;"Deze automation start wanneer het endpoint POST /properties/update_vpb_deals_when_jr_updated wordt aangeroepen en raakt vooral HubSpot. De handler set_vpb_prio verwerkt dit verzoek en voert de logica uit voor: set vpb prio. De belangrijkste stappen zijn: Voert een asynchrone vervolgstap uit: Set vpb prio; Leest of wijzigt gegevens in HubSpot: Get deal info; Voert vervolgstap uit: Client.crm.deals.basic api.get by id; Leest of wijzigt gegevens in HubSpot: Get company id; Voert vervolgstap uit: Get associated id; Leest of wijzigt gegevens in HubSpot: Get deals for company.";POST /properties/update_vpb_deals_when_jr_updated;GitLab | HubSpot;6;Voert een asynchrone vervolgstap uit: Set vpb prio | Leest of wijzigt gegevens in HubSpot: Get deal info | Voert vervolgstap uit: Client.crm.deals.basic api.get by id | Leest of wijzigt gegevens in HubSpot: Get company id | Voert vervolgstap uit: Get associated id | Leest of wijzigt gegevens in HubSpot: Get deals for company;;/properties/update_vpb_deals_when_jr_updated;POST;/properties/update_vpb_deals_when_jr_updated;set_vpb_prio;app/API/properties.py::POST /properties/update_vpb_deals_when_jr_updated;app/API/properties.py;;;2026-05-08T10:07:20.273+00:00;2026-05-07T11:39:58.476+00:00;;
AUTO-GL-28f02936-c676-4f96-b887-6dc6afb51793;Btw dealstage based on bank connection (POST /operations/hubspot/btw_dealstage_based_on_bank_connection);gitlab;gitlab;approved;Actief;Backend Script;"Deze automation start wanneer het endpoint POST /operations/hubspot/btw_dealstage_based_on_bank_connection wordt aangeroepen en raakt vooral HubSpot. De handler btw_dealstage_based_on_bank_connection verwerkt dit verzoek en voert de logica uit voor: btw dealstage based on bank connection. De belangrijkste stappen zijn: Voert een asynchrone vervolgstap uit: Route btw by deal id and update; Leest of wijzigt gegevens in HubSpot: Get deal info; Voert vervolgstap uit: Client.crm.deals.basic api.get by id; Leest of wijzigt gegevens in HubSpot: Get pipeline by id; Voert vervolgstap uit: Client.crm.pipelines.pipelines api.get by id; Voert vervolgstap uit: HubSpotAPIError.";POST /operations/hubspot/btw_dealstage_based_on_bank_connection;GitLab | HubSpot;6;Voert een asynchrone vervolgstap uit: Route btw by deal id and update | Leest of wijzigt gegevens in HubSpot: Get deal info | Voert vervolgstap uit: Client.crm.deals.basic api.get by id | Leest of wijzigt gegevens in HubSpot: Get pipeline by id | Voert vervolgstap uit: Client.crm.pipelines.pipelines api.get by id | Voert vervolgstap uit: HubSpotAPIError;;/operations/hubspot/btw_dealstage_based_on_bank_connection;POST;/operations/hubspot/btw_dealstage_based_on_bank_connection;btw_dealstage_based_on_bank_connection;app/API/operations.py::POST /operations/hubspot/btw_dealstage_based_on_bank_connection;app/API/operations.py;;;2026-05-08T10:07:20.273+00:00;2026-05-07T11:39:57.907+00:00;;
AUTO-GL-4403ac77-542d-4452-b6d9-f177ebb25b94;Update ib deal (POST /properties/update_ib_kan_gemaakt_worden);gitlab;gitlab;approved;Actief;Backend Script;"Deze automation start wanneer het endpoint POST /properties/update_ib_kan_gemaakt_worden wordt aangeroepen en raakt vooral HubSpot. De handler update_ib_deal verwerkt dit verzoek en voert de logica uit voor: update ib deal. De belangrijkste stappen zijn: Zet een achtergrondtaak klaar: Update ib kan gemaakt worden; Leest of wijzigt gegevens in HubSpot: Get deal info; Voert vervolgstap uit: Client.crm.deals.basic api.get by id; Leest of wijzigt gegevens in HubSpot: Get contact id; Voert vervolgstap uit: Get associated id; Leest of wijzigt gegevens in HubSpot: Get companies for contact.";POST /properties/update_ib_kan_gemaakt_worden;GitLab | HubSpot;6;Zet een achtergrondtaak klaar: Update ib kan gemaakt worden | Leest of wijzigt gegevens in HubSpot: Get deal info | Voert vervolgstap uit: Client.crm.deals.basic api.get by id | Leest of wijzigt gegevens in HubSpot: Get contact id | Voert vervolgstap uit: Get associated id | Leest of wijzigt gegevens in HubSpot: Get companies for contact;;/properties/update_ib_kan_gemaakt_worden;POST;/properties/update_ib_kan_gemaakt_worden;update_ib_deal;app/API/properties.py::POST /properties/update_ib_kan_gemaakt_worden;app/API/properties.py;;;2026-05-08T10:07:20.273+00:00;2026-05-07T11:39:57.379+00:00;;
AUTO-GL-be1124ab-07c5-4d21-94d0-244b895319bb;Assign correct stage (POST /properties/assign_correct_stage);gitlab;gitlab;approved;Actief;Backend Script;"Deze automation start wanneer het endpoint POST /properties/assign_correct_stage wordt aangeroepen en raakt vooral HubSpot. De handler assign_correct_stage verwerkt dit verzoek en voert de logica uit voor: assign correct stage. De belangrijkste stappen zijn: Zet een achtergrondtaak klaar: Process stage assignment async; Leest of wijzigt gegevens in HubSpot: Get pipeline by id; Voert vervolgstap uit: Client.crm.pipelines.pipelines api.get by id; Voert vervolgstap uit: HubSpotAPIError; Leest of wijzigt gegevens in HubSpot: Get company info; Voert vervolgstap uit: Client.crm.companies.basic api.get by id.";POST /properties/assign_correct_stage;GitLab | HubSpot;6;Zet een achtergrondtaak klaar: Process stage assignment async | Leest of wijzigt gegevens in HubSpot: Get pipeline by id | Voert vervolgstap uit: Client.crm.pipelines.pipelines api.get by id | Voert vervolgstap uit: HubSpotAPIError | Leest of wijzigt gegevens in HubSpot: Get company info | Voert vervolgstap uit: Client.crm.companies.basic api.get by id;;/properties/assign_correct_stage;POST;/properties/assign_correct_stage;assign_correct_stage;app/API/properties.py::POST /properties/assign_correct_stage;app/API/properties.py;;;2026-05-08T10:07:20.273+00:00;2026-05-07T11:39:56.867+00:00;;
AUTO-GL-9c3dd6d9-e1fa-4b53-8872-bb9b4788ff8c;Ib route after typeform and machtiging (POST /properties/ib/route_after_typeform_and_machtiging);gitlab;gitlab;approved;Actief;Backend Script;"Deze automation start wanneer het endpoint POST /properties/ib/route_after_typeform_and_machtiging wordt aangeroepen en raakt vooral HubSpot, Typeform. De handler ib_route_after_typeform_and_machtiging verwerkt dit verzoek en voert de logica uit voor: ib route after typeform and machtiging. De belangrijkste stappen zijn: Voert een asynchrone vervolgstap uit: Route ib deal after typeform and machtiging; Leest of wijzigt gegevens in HubSpot: Get deal info; Voert vervolgstap uit: Client.crm.deals.basic api.get by id; Leest of wijzigt gegevens in HubSpot: Get deals for contact; Voert vervolgstap uit: Get associated objects; Leest of wijzigt gegevens in HubSpot: Batch get deals info.";POST /properties/ib/route_after_typeform_and_machtiging;GitLab | HubSpot | Typeform;6;Voert een asynchrone vervolgstap uit: Route ib deal after typeform and machtiging | Leest of wijzigt gegevens in HubSpot: Get deal info | Voert vervolgstap uit: Client.crm.deals.basic api.get by id | Leest of wijzigt gegevens in HubSpot: Get deals for contact | Voert vervolgstap uit: Get associated objects | Leest of wijzigt gegevens in HubSpot: Batch get deals info;;/properties/ib/route_after_typeform_and_machtiging;POST;/properties/ib/route_after_typeform_and_machtiging;ib_route_after_typeform_and_machtiging;app/API/properties.py::POST /properties/ib/route_after_typeform_and_machtiging;app/API/properties.py;;;2026-05-08T10:07:20.273+00:00;2026-05-07T11:39:56.323+00:00;;
AUTO-GL-75010a54-b39a-4cce-87ea-8ff7756b366d;Ib machtiging actief webhook (POST /properties/ib/machtiging_actief_webhook);gitlab;gitlab;approved;Actief;Backend Script;"Deze automation start wanneer het endpoint POST /properties/ib/machtiging_actief_webhook wordt aangeroepen en raakt vooral HubSpot. De handler ib_machtiging_actief_webhook verwerkt dit verzoek en voert de logica uit voor: ib machtiging actief webhook. De belangrijkste stappen zijn: Voert een asynchrone vervolgstap uit: Sync ib deal machtiging actief; Leest of wijzigt gegevens in HubSpot: Get deal info; Voert vervolgstap uit: Client.crm.deals.basic api.get by id; Leest of wijzigt gegevens in HubSpot: Get contact id; Voert vervolgstap uit: Get associated id; Leest of wijzigt gegevens in HubSpot: Get contact info with history.";POST /properties/ib/machtiging_actief_webhook;GitLab | HubSpot;6;Voert een asynchrone vervolgstap uit: Sync ib deal machtiging actief | Leest of wijzigt gegevens in HubSpot: Get deal info | Voert vervolgstap uit: Client.crm.deals.basic api.get by id | Leest of wijzigt gegevens in HubSpot: Get contact id | Voert vervolgstap uit: Get associated id | Leest of wijzigt gegevens in HubSpot: Get contact info with history;;/properties/ib/machtiging_actief_webhook;POST;/properties/ib/machtiging_actief_webhook;ib_machtiging_actief_webhook;app/API/properties.py::POST /properties/ib/machtiging_actief_webhook;app/API/properties.py;;;2026-05-08T10:07:20.273+00:00;2026-05-07T11:39:55.779+00:00;;
AUTO-GL-c3976734-3b4c-460e-994d-c69cef8648cc;Ib machtiging actief contact webhook (POST /properties/ib/machtiging_actief_contact_webhook);gitlab;gitlab;approved;Actief;Backend Script;"Deze automation start wanneer het endpoint POST /properties/ib/machtiging_actief_contact_webhook wordt aangeroepen en raakt vooral HubSpot. De handler ib_machtiging_actief_contact_webhook verwerkt dit verzoek en voert de logica uit voor: ib machtiging actief contact webhook. De belangrijkste stappen zijn: Voert een asynchrone vervolgstap uit: Sync contact ib deals machtiging actief; Leest of wijzigt gegevens in HubSpot: Get deals for contact; Voert vervolgstap uit: Get associated objects; Leest of wijzigt gegevens in HubSpot: Batch get deals info; Voert vervolgstap uit: Client.crm.deals.batch api.read; Voert een asynchrone vervolgstap uit: Sync ib deal machtiging actief.";POST /properties/ib/machtiging_actief_contact_webhook;GitLab | HubSpot;6;Voert een asynchrone vervolgstap uit: Sync contact ib deals machtiging actief | Leest of wijzigt gegevens in HubSpot: Get deals for contact | Voert vervolgstap uit: Get associated objects | Leest of wijzigt gegevens in HubSpot: Batch get deals info | Voert vervolgstap uit: Client.crm.deals.batch api.read | Voert een asynchrone vervolgstap uit: Sync ib deal machtiging actief;;/properties/ib/machtiging_actief_contact_webhook;POST;/properties/ib/machtiging_actief_contact_webhook;ib_machtiging_actief_contact_webhook;app/API/properties.py::POST /properties/ib/machtiging_actief_contact_webhook;app/API/properties.py;;;2026-05-08T10:07:20.273+00:00;2026-05-07T11:39:55.203+00:00;;
AUTO-GL-2e6c65bc-7fa3-419b-bfc7-2e4d36ee7eaf;Jr prio from ib (POST /properties/jr_prio_from_ib);gitlab;gitlab;approved;Actief;Backend Script;"Deze automation start wanneer het endpoint POST /properties/jr_prio_from_ib wordt aangeroepen en raakt vooral HubSpot. De handler jr_prio_from_ib verwerkt dit verzoek en voert de logica uit voor: jr prio from ib. De belangrijkste stappen zijn: Voert een asynchrone vervolgstap uit: Bump related jr from ib; Leest of wijzigt gegevens in HubSpot: Get deal info; Voert vervolgstap uit: Client.crm.deals.basic api.get by id; Leest of wijzigt gegevens in HubSpot: Get contact id; Voert vervolgstap uit: Get associated id; Leest of wijzigt gegevens in HubSpot: Get deals for contact.";POST /properties/jr_prio_from_ib;GitLab | HubSpot;6;Voert een asynchrone vervolgstap uit: Bump related jr from ib | Leest of wijzigt gegevens in HubSpot: Get deal info | Voert vervolgstap uit: Client.crm.deals.basic api.get by id | Leest of wijzigt gegevens in HubSpot: Get contact id | Voert vervolgstap uit: Get associated id | Leest of wijzigt gegevens in HubSpot: Get deals for contact;;/properties/jr_prio_from_ib;POST;/properties/jr_prio_from_ib;jr_prio_from_ib;app/API/properties.py::POST /properties/jr_prio_from_ib;app/API/properties.py;;;2026-05-08T10:07:20.273+00:00;2026-05-07T11:39:54.651+00:00;;
AUTO-GL-eebf59fd-d302-45a7-a046-49eae60043c2;Ib finished webhook (POST /properties/ib/finished_webhook);gitlab;gitlab;approved;Actief;Backend Script;"Deze automation start wanneer het endpoint POST /properties/ib/finished_webhook wordt aangeroepen. De handler ib_finished_webhook verwerkt dit verzoek en voert de logica uit voor: ib finished webhook. De belangrijkste stappen zijn: Voert een asynchrone vervolgstap uit: Va ib.handle ib finished; Voert vervolgstap uit: Va ib.handle ib finished.";POST /properties/ib/finished_webhook;GitLab;2;Voert een asynchrone vervolgstap uit: Va ib.handle ib finished | Voert vervolgstap uit: Va ib.handle ib finished;;/properties/ib/finished_webhook;POST;/properties/ib/finished_webhook;ib_finished_webhook;app/API/properties.py::POST /properties/ib/finished_webhook;app/API/properties.py;;;2026-05-08T10:07:20.273+00:00;2026-05-07T11:39:54.108+00:00;;
AUTO-GL-8f5896dc-c847-42ef-92c0-8f14cb11cdee;Vpb finished webhook (POST /properties/vpb/finished_webhook);gitlab;gitlab;approved;Actief;Backend Script;"Deze automation start wanneer het endpoint POST /properties/vpb/finished_webhook wordt aangeroepen. De handler vpb_finished_webhook verwerkt dit verzoek en voert de logica uit voor: vpb finished webhook. De belangrijkste stappen zijn: Voert een asynchrone vervolgstap uit: Va vpb.handle vpb finished; Voert vervolgstap uit: Va vpb.handle vpb finished.";POST /properties/vpb/finished_webhook;GitLab;2;Voert een asynchrone vervolgstap uit: Va vpb.handle vpb finished | Voert vervolgstap uit: Va vpb.handle vpb finished;;/properties/vpb/finished_webhook;POST;/properties/vpb/finished_webhook;vpb_finished_webhook;app/API/properties.py::POST /properties/vpb/finished_webhook;app/API/properties.py;;;2026-05-08T10:07:20.273+00:00;2026-05-07T11:39:53.506+00:00;;
AUTO-GL-a7e753b2-72f8-4622-b1ef-c4aa493fd42d;Jr prio if ib ready except jr (POST /properties/jr_prio_if_ib_ready_except_jr);gitlab;gitlab;approved;Actief;Backend Script;"Deze automation start wanneer het endpoint POST /properties/jr_prio_if_ib_ready_except_jr wordt aangeroepen en raakt vooral HubSpot. De handler jr_prio_if_ib_ready_except_jr verwerkt dit verzoek en voert de logica uit voor: jr prio if ib ready except jr. De belangrijkste stappen zijn: Voert een asynchrone vervolgstap uit: Bump this jr if ib ready except jr; Leest of wijzigt gegevens in HubSpot: Get deal info; Voert vervolgstap uit: Client.crm.deals.basic api.get by id; Leest of wijzigt gegevens in HubSpot: Get contact id; Voert vervolgstap uit: Get associated id; Leest of wijzigt gegevens in HubSpot: Get deals for contact.";POST /properties/jr_prio_if_ib_ready_except_jr;GitLab | HubSpot;6;Voert een asynchrone vervolgstap uit: Bump this jr if ib ready except jr | Leest of wijzigt gegevens in HubSpot: Get deal info | Voert vervolgstap uit: Client.crm.deals.basic api.get by id | Leest of wijzigt gegevens in HubSpot: Get contact id | Voert vervolgstap uit: Get associated id | Leest of wijzigt gegevens in HubSpot: Get deals for contact;;/properties/jr_prio_if_ib_ready_except_jr;POST;/properties/jr_prio_if_ib_ready_except_jr;jr_prio_if_ib_ready_except_jr;app/API/properties.py::POST /properties/jr_prio_if_ib_ready_except_jr;app/API/properties.py;;;2026-05-08T10:07:20.273+00:00;2026-05-07T11:39:52.931+00:00;;
AUTO-GL-386234c4-1756-47cc-aa9e-da77d0c6225b;Update next quarter prev2m (POST /properties/btw/update_next_quarter_prev2m);gitlab;gitlab;approved;Actief;Backend Script;"Deze automation start wanneer het endpoint POST /properties/btw/update_next_quarter_prev2m wordt aangeroepen en raakt vooral HubSpot. De handler update_next_quarter_prev2m verwerkt dit verzoek en voert de logica uit voor: update next quarter prev2m. De belangrijkste stappen zijn: Voert een asynchrone vervolgstap uit: Update next quarter prev2m from webhook; Leest of wijzigt gegevens in HubSpot: Search deals; Voert vervolgstap uit: Client.crm.deals.search api.do search; Leest of wijzigt gegevens in HubSpot: Update deal properties; Voert vervolgstap uit: Client.crm.deals.basic api.update; Voert vervolgstap uit: Parse quarter.";POST /properties/btw/update_next_quarter_prev2m;GitLab | HubSpot;6;Voert een asynchrone vervolgstap uit: Update next quarter prev2m from webhook | Leest of wijzigt gegevens in HubSpot: Search deals | Voert vervolgstap uit: Client.crm.deals.search api.do search | Leest of wijzigt gegevens in HubSpot: Update deal properties | Voert vervolgstap uit: Client.crm.deals.basic api.update | Voert vervolgstap uit: Parse quarter;;/properties/btw/update_next_quarter_prev2m;POST;/properties/btw/update_next_quarter_prev2m;update_next_quarter_prev2m;app/API/properties.py::POST /properties/btw/update_next_quarter_prev2m;app/API/properties.py;;;2026-05-08T10:07:20.273+00:00;2026-05-07T11:39:52.347+00:00;;
AUTO-GL-7630fdef-d6cb-4077-92b4-b28713c59322;Ib sync jr owners same year (POST /properties/ib/sync_jr_owners_same_year);gitlab;gitlab;approved;Actief;Backend Script;"Deze automation start wanneer het endpoint POST /properties/ib/sync_jr_owners_same_year wordt aangeroepen en raakt vooral HubSpot. De handler ib_sync_jr_owners_same_year verwerkt dit verzoek en voert de logica uit voor: ib sync jr owners same year. De belangrijkste stappen zijn: Zet een achtergrondtaak klaar: Sync ib jr owner summary; Leest of wijzigt gegevens in HubSpot: Get deal info; Voert vervolgstap uit: Client.crm.deals.basic api.get by id; Leest of wijzigt gegevens in HubSpot: Update deal properties; Voert vervolgstap uit: Client.crm.deals.basic api.update; Voert een asynchrone vervolgstap uit: Get contact id for deal.";POST /properties/ib/sync_jr_owners_same_year;GitLab | HubSpot;6;Zet een achtergrondtaak klaar: Sync ib jr owner summary | Leest of wijzigt gegevens in HubSpot: Get deal info | Voert vervolgstap uit: Client.crm.deals.basic api.get by id | Leest of wijzigt gegevens in HubSpot: Update deal properties | Voert vervolgstap uit: Client.crm.deals.basic api.update | Voert een asynchrone vervolgstap uit: Get contact id for deal;;/properties/ib/sync_jr_owners_same_year;POST;/properties/ib/sync_jr_owners_same_year;ib_sync_jr_owners_same_year;app/API/properties.py::POST /properties/ib/sync_jr_owners_same_year;app/API/properties.py;;;2026-05-08T10:07:20.273+00:00;2026-05-07T11:39:51.732+00:00;;
AUTO-GL-475158fb-e209-44e5-911e-9df76fd5e65d;Migrate deals (POST /sales/migrate_deals);gitlab;gitlab;approved;Actief;Backend Script;"Deze automation start wanneer het endpoint POST /sales/migrate_deals wordt aangeroepen en raakt vooral HubSpot. De handler migrate_deals verwerkt dit verzoek en voert de logica uit voor: migrate deals. De belangrijkste stappen zijn: Voert een asynchrone vervolgstap uit: Migrate or copy deals between pipelines; Leest of wijzigt gegevens in HubSpot: Batch update deals sync; Voert vervolgstap uit: Client.crm.deals.batch api.update; Leest of wijzigt gegevens in HubSpot: Batch create deals sync; Voert vervolgstap uit: Client.crm.deals.batch api.create; Voert een asynchrone vervolgstap uit: Get pipeline stage maps.";POST /sales/migrate_deals;GitLab | HubSpot;6;Voert een asynchrone vervolgstap uit: Migrate or copy deals between pipelines | Leest of wijzigt gegevens in HubSpot: Batch update deals sync | Voert vervolgstap uit: Client.crm.deals.batch api.update | Leest of wijzigt gegevens in HubSpot: Batch create deals sync | Voert vervolgstap uit: Client.crm.deals.batch api.create | Voert een asynchrone vervolgstap uit: Get pipeline stage maps;;/sales/migrate_deals;POST;/sales/migrate_deals;migrate_deals;app/API/sales.py::POST /sales/migrate_deals;app/API/sales.py;;;2026-05-08T10:07:20.273+00:00;2026-05-07T11:39:51.187+00:00;;
AUTO-GL-6a9afbda-4fb3-4f72-99f6-2be1c5edbaf8;Leads ligo (POST /sales/leads/hubspot/ligo);gitlab;gitlab;approved;Actief;Backend Script;"Deze automation start wanneer het endpoint POST /sales/leads/hubspot/ligo wordt aangeroepen en raakt vooral HubSpot. De handler leads_ligo verwerkt dit verzoek en voert de logica uit voor: leads ligo. De belangrijkste stappen zijn: Voert een asynchrone vervolgstap uit: Add lead to hubspot; Leest of wijzigt gegevens in HubSpot: Find contact by email; Leest of wijzigt gegevens in HubSpot: Update contact; Voert vervolgstap uit: Client.crm.contacts.basic api.update; Leest of wijzigt gegevens in HubSpot: Create contact; Voert vervolgstap uit: Client.crm.contacts.basic api.create.";POST /sales/leads/hubspot/ligo;GitLab | HubSpot;6;Voert een asynchrone vervolgstap uit: Add lead to hubspot | Leest of wijzigt gegevens in HubSpot: Find contact by email | Leest of wijzigt gegevens in HubSpot: Update contact | Voert vervolgstap uit: Client.crm.contacts.basic api.update | Leest of wijzigt gegevens in HubSpot: Create contact | Voert vervolgstap uit: Client.crm.contacts.basic api.create;;/sales/leads/hubspot/ligo;POST;/sales/leads/hubspot/ligo;leads_ligo;app/API/sales.py::POST /sales/leads/hubspot/ligo;app/API/sales.py;;;2026-05-08T10:07:20.273+00:00;2026-05-07T11:39:50.588+00:00;;
AUTO-GL-8cd17053-a273-4402-9c3c-0c192c4d76bc;Leads offerte nl (POST /sales/leads/hubspot/offerte.nl);gitlab;gitlab;approved;Actief;Backend Script;"Deze automation start wanneer het endpoint POST /sales/leads/hubspot/offerte.nl wordt aangeroepen en raakt vooral HubSpot. De handler leads_offerte_nl verwerkt dit verzoek en voert de logica uit voor: leads offerte nl. De belangrijkste stappen zijn: Voert een asynchrone vervolgstap uit: Add lead to hubspot; Leest of wijzigt gegevens in HubSpot: Find contact by email; Leest of wijzigt gegevens in HubSpot: Update contact; Voert vervolgstap uit: Client.crm.contacts.basic api.update; Leest of wijzigt gegevens in HubSpot: Create contact; Voert vervolgstap uit: Client.crm.contacts.basic api.create.";POST /sales/leads/hubspot/offerte.nl;GitLab | HubSpot;6;Voert een asynchrone vervolgstap uit: Add lead to hubspot | Leest of wijzigt gegevens in HubSpot: Find contact by email | Leest of wijzigt gegevens in HubSpot: Update contact | Voert vervolgstap uit: Client.crm.contacts.basic api.update | Leest of wijzigt gegevens in HubSpot: Create contact | Voert vervolgstap uit: Client.crm.contacts.basic api.create;;/sales/leads/hubspot/offerte.nl;POST;/sales/leads/hubspot/offerte.nl;leads_offerte_nl;app/API/sales.py::POST /sales/leads/hubspot/offerte.nl;app/API/sales.py;;;2026-05-08T10:07:20.273+00:00;2026-05-07T11:39:50.036+00:00;;
AUTO-GL-8e401fd3-ce5a-4bb7-9c93-faa38dfebe10;Leads calendly (POST /sales/leads/hubspot/calendly);gitlab;gitlab;approved;Actief;Backend Script;"Deze automation start wanneer het endpoint POST /sales/leads/hubspot/calendly wordt aangeroepen en raakt vooral HubSpot. De handler leads_calendly verwerkt dit verzoek en voert de logica uit voor: leads calendly. De belangrijkste stappen zijn: Zet een achtergrondtaak klaar: Add lead to hubspot; Leest of wijzigt gegevens in HubSpot: Find contact by email; Leest of wijzigt gegevens in HubSpot: Update contact; Voert vervolgstap uit: Client.crm.contacts.basic api.update; Leest of wijzigt gegevens in HubSpot: Create contact; Voert vervolgstap uit: Client.crm.contacts.basic api.create.";POST /sales/leads/hubspot/calendly;GitLab | HubSpot;6;Zet een achtergrondtaak klaar: Add lead to hubspot | Leest of wijzigt gegevens in HubSpot: Find contact by email | Leest of wijzigt gegevens in HubSpot: Update contact | Voert vervolgstap uit: Client.crm.contacts.basic api.update | Leest of wijzigt gegevens in HubSpot: Create contact | Voert vervolgstap uit: Client.crm.contacts.basic api.create;;/sales/leads/hubspot/calendly;POST;/sales/leads/hubspot/calendly;leads_calendly;app/API/sales.py::POST /sales/leads/hubspot/calendly;app/API/sales.py;;;2026-05-08T10:07:20.273+00:00;2026-05-07T11:39:49.388+00:00;;
AUTO-GL-55130090-698a-458e-8cb8-694191b15143;Geboekte kwartalen (POST /properties/update_jr_stage_from_btw_geboekt);gitlab;gitlab;approved;Actief;Backend Script;"Deze automation start wanneer het endpoint POST /properties/update_jr_stage_from_btw_geboekt wordt aangeroepen en raakt vooral HubSpot. De handler geboekte_kwartalen verwerkt dit verzoek en voert de logica uit voor: geboekte kwartalen. De belangrijkste stappen zijn: Voert een asynchrone vervolgstap uit: Update jr stage from btw geboekt; Leest of wijzigt gegevens in HubSpot: Get deals for company; Voert vervolgstap uit: Get associated objects; Leest of wijzigt gegevens in HubSpot: Batch get deals info; Voert vervolgstap uit: Client.crm.deals.batch api.read; Leest of wijzigt gegevens in HubSpot: Update deal properties.";POST /properties/update_jr_stage_from_btw_geboekt;GitLab | HubSpot;6;Voert een asynchrone vervolgstap uit: Update jr stage from btw geboekt | Leest of wijzigt gegevens in HubSpot: Get deals for company | Voert vervolgstap uit: Get associated objects | Leest of wijzigt gegevens in HubSpot: Batch get deals info | Voert vervolgstap uit: Client.crm.deals.batch api.read | Leest of wijzigt gegevens in HubSpot: Update deal properties;;/properties/update_jr_stage_from_btw_geboekt;POST;/properties/update_jr_stage_from_btw_geboekt;geboekte_kwartalen;app/API/properties.py::POST /properties/update_jr_stage_from_btw_geboekt;app/API/properties.py;;;2026-05-08T10:07:20.273+00:00;2026-05-07T11:39:48.756+00:00;;
AUTO-GL-cb6d4222-1345-4a96-829e-733fb08ae13b;Set betaalt niet (POST /operations/hubspot/betaalt_niet);gitlab;gitlab;approved;Actief;Backend Script;"Deze automation start wanneer het endpoint POST /operations/hubspot/betaalt_niet wordt aangeroepen en raakt vooral HubSpot. De handler set_betaalt_niet verwerkt dit verzoek en voert de logica uit voor: set betaalt niet. De belangrijkste stappen zijn: Zet een achtergrondtaak klaar: Set betaalt niet task; Voert een asynchrone vervolgstap uit: Set all to betaalt niet; Leest of wijzigt gegevens in HubSpot: Get company id; Leest of wijzigt gegevens in HubSpot: Get deals for company; Leest of wijzigt gegevens in HubSpot: Update deal properties; Leest of wijzigt gegevens in HubSpot: Get deal info.";POST /operations/hubspot/betaalt_niet;GitLab | HubSpot;6;Zet een achtergrondtaak klaar: Set betaalt niet task | Voert een asynchrone vervolgstap uit: Set all to betaalt niet | Leest of wijzigt gegevens in HubSpot: Get company id | Leest of wijzigt gegevens in HubSpot: Get deals for company | Leest of wijzigt gegevens in HubSpot: Update deal properties | Leest of wijzigt gegevens in HubSpot: Get deal info;;/operations/hubspot/betaalt_niet;POST;/operations/hubspot/betaalt_niet;set_betaalt_niet;app/API/operations.py::POST /operations/hubspot/betaalt_niet;app/API/operations.py;;;2026-05-08T10:07:20.273+00:00;2026-05-07T11:39:48.092+00:00;;