"Automation naam";"Workflow-ID (HubSpot)";"Pipeline";"Pipeline ID";"Gedetecteerde stage(s)";"Stage ID(s)";"Trigger-type";"Actie-samenvatting";"Status"
"Stap 4.2: IB 2019 | als contact name veranderd, dan veranderd deal naam - ALTIJD AAN MET RE-ENROLMENT";"32344539";"Onbekend";"";"Geen stage gedetecteerd";"";"onbekend";"Overige acties: SINGLE_CONNECTION: Stel 'dealname' in op 'IB 2019: {{ _0_3.contact_name_niet_handmatig_veranderen_deel_van_een_workflow }} | Owner: {{ _0_3.hubspot_owner_id }}'";"Actief"
"Set contacts as marketing contacts";"155639572";"📁 Klantenbestand (5941173)";"5941173";"Offerte geaccepteerd start (5941263) | Omzet in uitvoering - Dossier nog onvolledig (5941264)";"5941263, 5941264";"onbekend";"Overige acties: SINGLE_CONNECTION: Set marketing contact status";"Actief"
"Stap 3.1: LH 2020 augustus | verander deal owner in contact owner - ALTIJD AAN ZONDER RE-ENROLMENT";"37240473";"Onbekend";"";"Geen stage gedetecteerd";"";"onbekend";"Overige acties: SINGLE_CONNECTION: Stel 'hubspot_owner_id' in op '{""propertyName"":""contact_owner_niet_handmatig_veranderen"",""type"":""OBJECT_PROPERTY""}'";"Actief"
"Stap 4.1: OB 2020 Q2 | als deal owner veranderd, dan veranderd deal naam - ALTIJD AAN MET RE-ENROLMENT";"30753375";"Onbekend";"";"Geen stage gedetecteerd";"";"onbekend";"Overige acties: SINGLE_CONNECTION: Stel 'dealname' in op 'OB 2020 Q2: {{ _0_3.company_name_niet_handmatig_veranderen_deel_van_een_workflow }} | Owner: {{ _0_3.hubspot_owner_id }}'";"Uitgeschakeld"
"Customer Type changes -> Check Beginner Stage";"1692203165";"Onbekend";"";"Geen stage gedetecteerd";"";"onbekend";"Overige acties: WEBHOOK: Webhook -> https://composed-month-production.up.railway.app/properties/check_correct_stage";"Actief"
"DTM tweede gemiste telefoon gesprek";"149890896";"📈 Sales Pipeline (802700718)";"802700718";"Geen gehoor 2. (1180703135)";"1180703135";"onbekend";"Overige acties: SINGLE_CONNECTION: Stel 'dtm_tweede_bel_moment' in op 'de datum waarop deze actie wordt uitgevoerd'";"Actief"
"Add Batch of Clockify Clients";"152475193";"📁 Klantenbestand (5941173)";"5941173";"Geen stage gedetecteerd";"";"onbekend";"Overige acties: WEBHOOK: Webhook -> https://1662a42a80be88d41fe7507f6c6c80d3.m.pipedream.net?pipeline=1&start=0&end=100; SINGLE_CONNECTION: Delay for 1 minute; WEBHOOK: Webhook -> https://1662a42a80be88d41fe7507f6c6c80d3.m.pipedream.net?pipeline=2&start=0&end=100; WEBHOOK: Webhook -> https://1662a42a80be88d41fe7507f6c6c80d3.m.pipedream.net?pipeline=3&start=0&end=100; WEBHOOK: Webhook -> https://1662a42a80be88d41fe7507f6c6c80d3.m.pipedream.net?pipeline=4&start=0&end=100; WEBHOOK: Webhook -> https://1662a42a80be88d41fe7507f6c6c80d3.m.pipedream.net?pipeline=5&start=0&end=100; WEBHOOK: Webhook -> https://1662a42a80be88d41fe7507f6c6c80d3.m.pipedream.net?pipeline=5&start=100&end=200; WEBHOOK: Webhook -> https://1662a42a80be88d41fe7507f6c6c80d3.m.pipedream.net?pipeline=5&start=300&end=400";"Uitgeschakeld"
"Move JR deal based on Jaarrekening company property - default";"1617863520";"Jaarrekening - 2024* (136666296)";"136666296";"Open* (235354027) | Software (235223622)";"235354027, 235223622";"onbekend";"Stage/pipeline acties: SINGLE_CONNECTION zet dealstage naar 235223623; SINGLE_CONNECTION zet dealstage naar 253060782 | Overige acties: LIST_BRANCH: Splits in 2 paden op basis van criteria";"Actief"
"[TJILP] Calendly trigger - terugbel afspraak";"39883418";"Onbekend";"";"Geen stage gedetecteerd";"";"onbekend";"Stage/pipeline acties: SINGLE_CONNECTION zet dealstage naar 5941178";"Uitgeschakeld"
"Stap 3.1: OB 2020 Q3 | verander deal owner in contact owner - ALTIJD AAN ZONDER RE-ENROLMENT ";"37239133";"Onbekend";"";"Geen stage gedetecteerd";"";"onbekend";"Overige acties: SINGLE_CONNECTION: Stel 'hubspot_owner_id' in op '{""propertyName"":""contact_owner_niet_handmatig_veranderen"",""type"":""OBJECT_PROPERTY""}'";"Uitgeschakeld"
"default- stop datum";"164531277";"📈 Sales Pipeline (802700718)";"802700718";"Geen stage gedetecteerd";"";"onbekend";"Overige acties: SINGLE_CONNECTION: Stel 'stop_dtm' in op '-2208988800000'";"Actief"
"Default-DTM eerste bel moment";"164532917";"📈 Sales Pipeline (802700718)";"802700718";"Geen stage gedetecteerd";"";"onbekend";"Overige acties: SINGLE_CONNECTION: Stel 'dtm_eerste_telefoongesprek' in op '-2208988800000'";"Actief"
"Stap 4.2: LH 2020 juni | als company name veranderd, dan veranderd deal naam - ALTIJD AAN MET RE-ENROLMENT (cloned)";"33417498";"Onbekend";"";"Geen stage gedetecteerd";"";"onbekend";"Overige acties: SINGLE_CONNECTION: Stel 'dealname' in op 'LH juni 2020: {{ _0_3.company_name_niet_handmatig_veranderen_deel_van_een_workflow }} | Owner: {{ _0_3.hubspot_owner_id }}'";"Actief"
"Associate Deal with Contact";"40233651";"Onbekend";"";"Geen stage gedetecteerd";"";"onbekend";"Overige acties: WEBHOOK: Webhook -> https://en9z5vye8mobx8k.m.pipedream.net";"Uitgeschakeld"
"Stap 4.2: OB 2020 Q3 | als company name veranderd, dan veranderd deal naam - ALTIJD AAN MET RE-ENROLMENT";"37239220";"Onbekend";"";"Geen stage gedetecteerd";"";"onbekend";"Overige acties: SINGLE_CONNECTION: Stel 'dealname' in op 'OB 2020 Q3: {{ _0_3.company_name_niet_handmatig_veranderen_deel_van_een_workflow }} | Owner: {{ _0_3.hubspot_owner_id }}'";"Uitgeschakeld"
"BTW naar contact berekening gereed";"164535421";"Onbekend";"";"11864659 (onbekende stage)";"11864659";"onbekend";"Overige acties: SINGLE_CONNECTION: Stel 'jaarrekening_2021_gereed' in op 'Berekening gereed'";"Actief"
"Whatsapp";"57732512";"Onbekend";"";"Geen stage gedetecteerd";"";"onbekend";"Overige acties: WEBHOOK: Webhook -> https://en7ajk6bdszva3f.m.pipedream.net";"Actief"
"Update deal stage for monthly customers in the pipeline (BTW - Q2 2025)";"1645386516";"BTW - Q2 2025* (717908747)";"717908747";"Open* (1047755302)";"1047755302";"onbekend";"Stage/pipeline acties: SINGLE_CONNECTION zet dealstage naar 1049458945";"Actief"
"Meeting send email reminder";"112299419";"Onbekend";"";"Geen stage gedetecteerd";"";"onbekend";"Overige acties: SINGLE_CONNECTION: Delay for 1 day; SINGLE_CONNECTION: Create task: Reminder to send email example";"Uitgeschakeld"
"Ser priority to green when JR = done";"1617882177";"Onbekend";"";"Geen stage gedetecteerd";"";"onbekend";"Overige acties: SINGLE_CONNECTION: Stel 'hs_priority' in op 'low'; LIST_BRANCH: Splits in 1 paden op basis van criteria";"Actief"
"Contact naar JR berekening gereed";"164566603";"Onbekend";"3557160";"Geen stage gedetecteerd";"";"onbekend";"Stage/pipeline acties: SINGLE_CONNECTION zet dealstage naar 12055918";"Actief"
"Move VPB deal when JR = done (default) ";"1617938093";"VPB - 2024* (136521024)";"136521024";"Software (235292815) | Open* (235292814)";"235292815, 235292814";"onbekend";"Stage/pipeline acties: SINGLE_CONNECTION zet dealstage naar 235292816";"Actief"
"Stap 1.1: als contact name & contact owner bekend wordt, dan aanpassen in property deal - ALTIJD AAN MET RE-ENROLMENT";"31083782";"Onbekend";"";"Geen stage gedetecteerd";"";"onbekend";"Overige acties: SINGLE_CONNECTION: Stel 'contact_owner_niet_handmatig_veranderen' in op '{""propertyName"":""hubspot_owner_id"",""type"":""OBJECT_PROPERTY""}'; SINGLE_CONNECTION: Stel 'contact_name_niet_handmatig_veranderen_deel_van_een_workflow' in op '{{ _0_1.firstname }} {{ _0_1.lastname }}'";"Actief"
"Move deal based on Jaarrekening Prioriteit - Default";"1639801219";"Jaarrekening - 2024* (136666296)";"136666296";"Q1 tot Q4 geboekt (235223623) | Gegevens gereed (235354029)";"235223623, 235354029";"onbekend";"Stage/pipeline acties: SINGLE_CONNECTION zet dealstage naar 1033474669; SINGLE_CONNECTION zet dealstage naar 1033474670 | Overige acties: LIST_BRANCH: Splits in 2 paden op basis van criteria";"Actief"
"Cluster company -> deal";"1838565946";"Onbekend";"";"Geen stage gedetecteerd";"";"onbekend";"Geen acties gevonden in opgeslagen workflowdata";"Actief"
"Pipeline is ""Belastingdienst - bezwaar & verzoeken"", Ticket status is ""Gegevens klant opgevraagd / brief schrijven""";"103974764";"Onbekend";"";"2296225 (onbekende stage)";"2296225";"onbekend";"Geen acties gevonden in opgeslagen workflowdata";"Uitgeschakeld"
"Set VPB priority";"1680508287";"🖥️📚 Externe software: Jaarrekening (801790127) | 📚 Jaarrekening (746430534)";"801790127, 746430534";"Gecontroleerd & Gefactureerd (1178775815) | Gecontroleerd & Gefactureerd (1086340947)";"1178775815, 1086340947";"onbekend";"Overige acties: WEBHOOK: Webhook -> https://composed-month-production.up.railway.app/properties/update_vpb_deals_when_jr_updated";"Actief"
"Contact naar JR verzonden";"164568338";"Onbekend";"3557160";"Geen stage gedetecteerd";"";"onbekend";"Stage/pipeline acties: SINGLE_CONNECTION zet dealstage naar 12055921";"Actief"
"Check for prio in JR pipeline";"1686680870";"📚 Jaarrekening (746430534) | 🖥️📚 Externe software: Jaarrekening (801790127)";"746430534, 801790127";"Q1 tot Q4 geboekt (1086340940) | Niet geboekt (Met bank) (1086340936) | Deels geboekt (Met bank) (1310846636) | Q1 tot Q4 geboekt (1178775808)";"1086340940, 1086340936, 1310846636, 1178775808";"onbekend";"Overige acties: WEBHOOK: Webhook -> https://composed-month-production.up.railway.app/properties/jr_prio_if_ib_ready_except_jr";"Actief"
"Delete contacts with no activity";"98727940";"Onbekend";"";"Geen stage gedetecteerd";"";"onbekend";"Geen acties gevonden in opgeslagen workflowdata";"Uitgeschakeld"
"BV? instellen";"1831829276";"Onbekend";"";"Geen stage gedetecteerd";"";"onbekend";"Geen acties gevonden in opgeslagen workflowdata";"Actief"
"Stap 1.1: als contact mail/taal bekend wordt, dan aanpassen in property deal - ALTIJD AAN MET RE-ENROLMENT";"38967743";"Onbekend";"";"Geen stage gedetecteerd";"";"onbekend";"Overige acties: SINGLE_CONNECTION: Stel 'contact_email_niet_handmatig_veranderen_deel_van_een_workflow' in op '{""propertyName"":""email"",""type"":""OBJECT_PROPERTY""}'; SINGLE_CONNECTION: Stel 'contact_language_niet_handmatig_veranderen_deel_van_een_workflow' in op '{{ enrolled_object.taal2 }}'; SINGLE_CONNECTION: Stel 'contact_first_name_workflow_' in op '{""propertyName"":""firstname"",""type"":""OBJECT_PROPERTY""}'; SINGLE_CONNECTION: Stel 'contact_last_name_workflow_' in op '{""propertyName"":""lastname"",""type"":""OBJECT_PROPERTY""}'";"Actief"
"default no afspraak";"222194353";"Onbekend";"";"Geen stage gedetecteerd";"";"onbekend";"Overige acties: SINGLE_CONNECTION: Stel 'dtm_eerste_fysieke_afspraak' in op '-2208988800000'";"Actief"
"Stap 3.1: LH 2020 juli | verander deal owner in contact owner - ALTIJD AAN ZONDER RE-ENROLMENT";"32583271";"Onbekend";"";"Geen stage gedetecteerd";"";"onbekend";"Overige acties: SINGLE_CONNECTION: Stel 'hubspot_owner_id' in op '{""propertyName"":""contact_owner_niet_handmatig_veranderen"",""type"":""OBJECT_PROPERTY""}'";"Actief"
"Verlopen datum kopieren van companies naar deals";"1704778538";"Onbekend";"";"Geen stage gedetecteerd";"";"onbekend";"Overige acties: SINGLE_CONNECTION: Stel 'expiry_date' in op '{""propertyName"":""expiry_date"",""type"":""OBJECT_PROPERTY""}'";"Actief"
"VPB goed plaatsen gebaseerd op JR status 2023";"536358463";"VPB - 2023* (74075201)";"74075201";"Aangifte verzonden (142382762) | Factuur verzonden (142382761) | Gedeponeerd (142382764) | Kan gedeponeerd worden (142382763) | Aangifte naar klant (142272147) | In uitvoering (142272145)";"142382762, 142382761, 142382764, 142382763, 142272147, 142272145";"onbekend";"Stage/pipeline acties: SINGLE_CONNECTION zet dealstage naar 142272144";"Actief"
"JR verzonden naar contact";"164609094";"Onbekend";"";"12055921 (onbekende stage)";"12055921";"onbekend";"Overige acties: SINGLE_CONNECTION: Stel 'jaarrekening_2021_gereed' in op 'Ja'";"Actief"
"Fiscaal partner IB machtiging deal aanmaken";"1842196145";"Onbekend";"";"Geen stage gedetecteerd";"";"onbekend";"Geen acties gevonden in opgeslagen workflowdata";"Actief"
"'BTW 2 maanden geboekt' instellen";"1692171427";"💼 BTW - Q (759381020)";"759381020";"2 maanden geboekt (info nodig) (1162449030) | 2 maanden geboekt (1162621597) | 2 maanden geboekt (controle) (1162621598)";"1162449030, 1162621597, 1162621598";"onbekend";"Overige acties: LIST_BRANCH: Splits in 2 paden op basis van criteria; SINGLE_CONNECTION: Stel 'btw_2_maanden_geboekt_huidig_kwartaal' in op '2 maanden geboekt (controle)'; SINGLE_CONNECTION: Stel 'btw_2_maanden_geboekt_huidig_kwartaal' in op '2 maanden geboekt (info nodig)'; SINGLE_CONNECTION: Stel 'btw_2_maanden_geboekt_huidig_kwartaal' in op '2 maanden geboekt'; WEBHOOK: Werk de volgende BTW-deal bij met de vorige-twee-maanden status";"Actief"
"Nieuwe portaalklant -> dashboard = true";"1725881497";"Onbekend";"";"Geen stage gedetecteerd";"";"onbekend";"Overige acties: SINGLE_CONNECTION: Stel 'dashboard' in op 'true'";"Actief"
"Stap 4.1: LH 2020 juli | als deal owner veranderd, dan veranderd deal naam - ALTIJD AAN MET RE-ENROLMENT";"32583275";"Onbekend";"";"Geen stage gedetecteerd";"";"onbekend";"Overige acties: SINGLE_CONNECTION: Stel 'dealname' in op 'LH juli 2020: {{ _0_3.company_name_niet_handmatig_veranderen_deel_van_een_workflow }} | Owner: {{ _0_3.hubspot_owner_id }}'";"Actief"
"BTW naar contact verzonden";"164562318";"Onbekend";"";"10637590 (onbekende stage)";"10637590";"onbekend";"Overige acties: SINGLE_CONNECTION: Stel 'jaarrekening_2021_gereed' in op 'Ja'";"Actief"
"Correct Stage IB";"1699565650";"👤 Inkomstenbelasting (749749904)";"749749904";"Geen stage gedetecteerd";"";"onbekend";"Stage/pipeline acties: SINGLE_CONNECTION zet dealstage naar 1090767423; SINGLE_CONNECTION zet dealstage naar 1090767424; SINGLE_CONNECTION zet dealstage naar 1151360654; SINGLE_CONNECTION zet dealstage naar 1178979681 | Overige acties: LIST_BRANCH: Splits in 5 paden op basis van criteria; WEBHOOK: Webhook -> https://composed-month-production.up.railway.app/properties/ib/prereqs_webhook; LIST_BRANCH: Splits in 1 paden op basis van criteria; WEBHOOK: Webhook -> https://composed-month-production.up.railway.app/properties/ib/route_after_typeform_and_machtiging";"Actief"
"Create new deal";"1699666192";"📁 Klantenbestand (5941173)";"5941173";"Geen stage gedetecteerd";"";"onbekend";"Overige acties: WEBHOOK: Webhook -> https://composed-month-production.up.railway.app/operations/hubspot/create_new_deal";"Actief"
"Koppeling sales pipeline en klantenbestand";"1702031225";"📈 Sales Pipeline (802700718)";"802700718";"Offerte geaccepteerd start - met BTW (1185458870) | Offerte geaccepteerd start (1180636318)";"1185458870, 1180636318";"onbekend";"Stage/pipeline acties: SINGLE_CONNECTION zet dealstage naar 5941263; SINGLE_CONNECTION zet dealstage naar 1028125851 | Overige acties: LIST_BRANCH: Splits in 1 paden op basis van criteria";"Actief"
"IB ingediend -> VA IB deal aanpassen";"1732519425";"👤 Inkomstenbelasting (749749904)";"749749904";"Akkoord en ingediend (1090547723)";"1090547723";"onbekend";"Overige acties: WEBHOOK: Werk de gekoppelde VA IB-deal bij naar 'IB ingediend'";"Actief"
"contact name naar ticket name voor toggl project";"31271832";"Onbekend";"";"Geen stage gedetecteerd";"";"onbekend";"Overige acties: SINGLE_CONNECTION: Stel 'contact_name_niet_handmatig_veranderen_deel_van_een_workflow' in op '{""propertyName"":""hubspot_owner_id"",""type"":""OBJECT_PROPERTY""}'; SINGLE_CONNECTION: Stel 'contact_name_niet_handmatig_veranderen_deel_van_een_workflow' in op '{{ _0_1.firstname }} {{ _0_1.lastname }}'";"Uitgeschakeld"
"VPB ingediend -> VA VPB deal aanpassen";"1732522292";"🖥️🏢 Externe software: VPB (802589558) | 🏢 VPB (749963431)";"802589558, 749963431";"VPB Ingediend (1178945698) | VPB Ingediend (1090711431)";"1178945698, 1090711431";"onbekend";"Overige acties: WEBHOOK: Werk de gekoppelde VA VPB-deal bij naar 'VPB ingediend'";"Actief"
"Update deal amount in IB";"260634530";"Onbekend";"";"34277901 (onbekende stage)";"34277901";"onbekend";"Overige acties: LIST_BRANCH: Splits in 1 paden op basis van criteria; SINGLE_CONNECTION: Stel 'amount' in op '200'";"Uitgeschakeld"
"When a contact clicks a link in the email";"1606917243";"Onbekend";"";"Geen stage gedetecteerd";"";"onbekend";"Overige acties: SINGLE_CONNECTION: Add enrolled record to static list 0";"Uitgeschakeld"
"Pipeline is ""Sales Pipeline"", deal stage is ""Prospect offerte""";"28781822";"Onbekend";"default";"appointmentscheduled (onbekende stage)";"appointmentscheduled";"onbekend";"Geen acties gevonden in opgeslagen workflowdata";"Uitgeschakeld"
"Change ticket status when a customer replies to an email";"29474000";"Onbekend";"0";"Geen stage gedetecteerd";"";"onbekend";"Stage/pipeline acties: SINGLE_CONNECTION zet hs_pipeline_stage naar 1";"Actief"
"Change ticket status when an email is sent to a customer";"29474222";"Onbekend";"0";"Geen stage gedetecteerd";"";"onbekend";"Stage/pipeline acties: SINGLE_CONNECTION zet hs_pipeline_stage naar 2144302";"Actief"
"Pipeline is ""Inbox"", Ticket status is ""Closed""";"29477278";"Onbekend";"";"4 (onbekende stage)";"4";"onbekend";"Geen acties gevonden in opgeslagen workflowdata";"Uitgeschakeld"
"Pipeline is ""Sales Pipeline"", deal stage is ""Geen gehoor""";"30512246";"Onbekend";"default";"2269288 (onbekende stage)";"2269288";"onbekend";"Geen acties gevonden in opgeslagen workflowdata";"Uitgeschakeld"
"Sector (deal)  -> Sector (company)";"1844149275";"Onbekend";"";"Geen stage gedetecteerd";"";"onbekend";"Geen acties gevonden in opgeslagen workflowdata";"Actief"
"Pipeline is ""📈 Sales Pipeline"", stage is ""Offerte verstuurd""";"1845335142";"Onbekend";"";"Geen stage gedetecteerd";"";"onbekend";"Geen acties gevonden in opgeslagen workflowdata";"Actief"
"Pipeline is ""OB"", Ticket status is ""Open""";"29589094";"Onbekend";"";"2143961 (onbekende stage)";"2143961";"onbekend";"Geen acties gevonden in opgeslagen workflowdata";"Uitgeschakeld"
"JR status Q4 2022";"326276520";"Onbekend";"";"50477708 (onbekende stage)";"50477708";"onbekend";"Overige acties: SINGLE_CONNECTION: Stel 'jaarrekening_2022_gereed' in op 'JR niet gereed'";"Uitgeschakeld"
"Stap 2.1: OB 2020 Q3 | deal trigger maakt nieuwe deal aan - ALTIJD AAN ZONDER RE-ENROLMENT (cloned)";"37237241";"Onbekend";"";"4381242 (onbekende stage) | closedwon (onbekende stage)";"4381242, closedwon";"onbekend";"Stage/pipeline acties: SINGLE_CONNECTION zet dealstage naar 4755478 | Overige acties: SINGLE_CONNECTION: Schrijf object in voor workflow 37239133";"Uitgeschakeld"
"Veroudering Pakketklanten";"190138776";"Pakket Klanten (4485237)";"4485237";"Geen stage gedetecteerd";"";"onbekend";"Stage/pipeline acties: SINGLE_CONNECTION zet dealstage naar 14761119; SINGLE_CONNECTION zet dealstage naar 14761118; SINGLE_CONNECTION zet dealstage naar 14761117; SINGLE_CONNECTION zet dealstage naar 14761116; SINGLE_CONNECTION zet dealstage naar 14761115; SINGLE_CONNECTION zet dealstage naar 14776207 | Overige acties: LIST_BRANCH: Splits in 6 paden op basis van criteria";"Actief"
"Update records with known Moeilijkheidsgraad property";"1663377454";"Onbekend";"";"Geen stage gedetecteerd";"";"onbekend";"Overige acties: SINGLE_CONNECTION: Stel 'moeilijkheidsgraad' in op '{""propertyName"":""moeilijkheidsgraad"",""type"":""OBJECT_PROPERTY""}'";"Actief"
"Stap 2.1: LH september 2020 | deal trigger maakt nieuwe deal aan - ALTIJD AAN ZONDER RE-ENROLMENT";"37241684";"Onbekend";"";"closedwon (onbekende stage) | 4381242 (onbekende stage)";"closedwon, 4381242";"onbekend";"Stage/pipeline acties: SINGLE_CONNECTION zet dealstage naar 4757188 | Overige acties: SINGLE_CONNECTION: Schrijf object in voor workflow 37241694";"Actief"
"JR boekers instellen in VPB pipeline";"1827895686";"Onbekend";"";"Geen stage gedetecteerd";"";"onbekend";"Geen acties gevonden in opgeslagen workflowdata";"Actief"
"New Deal";"37548510";"📁 Klantenbestand (5941173)";"5941173";"Geen stage gedetecteerd";"";"onbekend";"Overige acties: WEBHOOK: Webhook -> https://eojgr7ebircfssc.m.pipedream.net";"Uitgeschakeld"
"JR status 2022 uit VPB pipeline";"380243561";"Onbekend";"";"51957060 (onbekende stage) | 51957061 (onbekende stage) | 51934492 (onbekende stage) | 51934495 (onbekende stage) | 51934493 (onbekende stage) | 51934494 (onbekende stage)";"51957060, 51957061, 51934492, 51934495, 51934493, 51934494";"onbekend";"Overige acties: SINGLE_CONNECTION: Stel 'jaarrekening_2022_gereed' in op 'JR gereed'";"Uitgeschakeld"
"Cluster deal -> company";"1831826707";"Onbekend";"";"Geen stage gedetecteerd";"";"onbekend";"Geen acties gevonden in opgeslagen workflowdata";"Actief"
"JR goed plaatsen gebaseerd op JR status";"380303715";"Onbekend";"21715880";"57306719 (onbekende stage)";"57306719";"onbekend";"Stage/pipeline acties: SINGLE_CONNECTION zet dealstage naar 51914369";"Uitgeschakeld"
"Default-DTM gemiste fysieke afspraak";"164557869";"📈 Sales Pipeline (802700718)";"802700718";"Geen stage gedetecteerd";"";"onbekend";"Overige acties: SINGLE_CONNECTION: Stel 'dtm_gemiste_fysieke_afspraak' in op '-2208988800000'";"Actief"
"Copy dossier naam from company to deal";"1798721133";"🖥️💼 Externe software: BTW - Q (802447755) | 🏢 VPB (749963431) | 🧾🏢 Voorlopige Aanslag VPB (827192629) | 🖥️🏢 Externe software: VPB (802589558) | 💼 BTW - Q (759381020) | 🧮 Administratie - M (713153058)";"802447755, 749963431, 827192629, 802589558, 759381020, 713153058";"Geen stage gedetecteerd";"";"onbekend";"Overige acties: SINGLE_CONNECTION: Stel 'dossier_naam' in op '{{ fetched_objects.fetched_object_288333142.dossier_naam }}'";"Actief"
"JR prio";"380329652";"Onbekend";"21715880";"Geen stage gedetecteerd";"";"onbekend";"Overige acties: SINGLE_CONNECTION: Stel 'hs_priority' in op 'high'";"Uitgeschakeld"
"Sales owner instellen";"1831937405";"Onbekend";"";"Geen stage gedetecteerd";"";"onbekend";"Geen acties gevonden in opgeslagen workflowdata";"Actief"
"Stap 3.1: OB 2020 Q2 | verander deal owner in contact owner - ALTIJD AAN ZONDER RE-ENROLMENT (cloned)";"32342610";"Onbekend";"";"Geen stage gedetecteerd";"";"onbekend";"Overige acties: SINGLE_CONNECTION: Stel 'hubspot_owner_id' in op '{""propertyName"":""contact_owner_niet_handmatig_veranderen"",""type"":""OBJECT_PROPERTY""}'";"Uitgeschakeld"
"IB informatie status 2022";"380331543";"Onbekend";"";"34277902 (onbekende stage)";"34277902";"onbekend";"Overige acties: SINGLE_CONNECTION: Stel 'ib_2022_info_ontvangen' in op 'JA'";"Uitgeschakeld"
"VPB goed plaatsen gebaseerd op JR status";"399359805";"Onbekend";"21733904";"51957060 (onbekende stage) | 51957061 (onbekende stage) | 51934492 (onbekende stage) | 51934495 (onbekende stage) | 51957055 (onbekende stage) | 51934493 (onbekende stage)";"51957060, 51957061, 51934492, 51934495, 51957055, 51934493";"onbekend";"Stage/pipeline acties: SINGLE_CONNECTION zet dealstage naar 51957058";"Uitgeschakeld"
"Stap 4.1: IB 2019 | als deal owner veranderd, dan veranderd deal naam - ALTIJD AAN MET RE-ENROLMENT";"32344285";"Onbekend";"";"Geen stage gedetecteerd";"";"onbekend";"Overige acties: SINGLE_CONNECTION: Stel 'dealname' in op 'IB 2019: {{ _0_3.contact_name_niet_handmatig_veranderen_deel_van_een_workflow }} | Owner: {{ _0_3.hubspot_owner_id }}'";"Actief"
"Datum klacht instellen";"1793356932";"Onbekend";"";"Geen stage gedetecteerd";"";"onbekend";"Overige acties: SINGLE_CONNECTION: Stel 'datum_klacht' in op 'de datum waarop deze actie wordt uitgevoerd'";"Actief"
"Pipeline is ""OB"", deal stage is ""Open""";"30250544";"Onbekend";"2207218";"2207219 (onbekende stage)";"2207219";"onbekend";"Geen acties gevonden in opgeslagen workflowdata";"Uitgeschakeld"
"Stap 4.1: VPB 2019 | als deal owner veranderd, dan veranderd deal naam - ALTIJD AAN MET RE-ENROLMENT (cloned)";"32344896";"Onbekend";"";"Geen stage gedetecteerd";"";"onbekend";"Overige acties: SINGLE_CONNECTION: Stel 'dealname' in op 'VPB 2019: {{ _0_3.company_name_niet_handmatig_veranderen_deel_van_een_workflow }} | Owner: {{ _0_3.hubspot_owner_id }}'";"Actief"
"Associate Deal with Company";"40234057";"Onbekend";"5676045, 2235863, 2818884, 2235922, 2207218, 2235749";"Geen stage gedetecteerd";"";"onbekend";"Overige acties: WEBHOOK: Webhook -> https://enxhg00i95hq571.m.pipedream.net";"Uitgeschakeld"
"Won DTM eenmalig";"503852471";"Onbekend";"";"Geen stage gedetecteerd";"";"onbekend";"Overige acties: SINGLE_CONNECTION: Stel 'won_dtm' in op '{""propertyName"":""closedate"",""type"":""OBJECT_PROPERTY""}'";"Uitgeschakeld"
"Pipeline is ""Sales Pipeline"", deal stage is ""Afspraak maken""";"4054721";"Onbekend";"default";"presentationscheduled (onbekende stage)";"presentationscheduled";"onbekend";"Geen acties gevonden in opgeslagen workflowdata";"Uitgeschakeld"
"Deal prio high";"414562703";"BTW - Q4 2023* (68816402)";"68816402";"Geen stage gedetecteerd";"";"onbekend";"Overige acties: SINGLE_CONNECTION: Stel 'hs_priority' in op 'high'";"Actief"
"Stap 4.2: VPB 2019 | als company name veranderd, dan veranderd deal naam - ALTIJD AAN MET RE-ENROLMENT (cloned)";"32345153";"Onbekend";"";"Geen stage gedetecteerd";"";"onbekend";"Overige acties: SINGLE_CONNECTION: Stel 'dealname' in op 'VPB 2019: {{ _0_3.company_name_niet_handmatig_veranderen_deel_van_een_workflow }} | Owner: {{ _0_3.hubspot_owner_id }}'";"Actief"
"DTM info ontvange";"414564944";"BTW - Q4 2023* (68816402)";"68816402";"Info ontvangen (133697054) | Bankkoppeling actief (133697051) | Extra info ontvangen (133660553) | Taak toegewezen (133660554) | Software (133697053)";"133697054, 133697051, 133660553, 133660554, 133697053";"onbekend";"Overige acties: SINGLE_CONNECTION: Stel 'dtm_info_ontvangen' in op 'de datum waarop deze actie wordt uitgevoerd'";"Actief"
"Create sales note in new sales pipeline";"1703559009";"📈 Sales Pipeline (802700718)";"802700718";"Fysieke afspraak gemaakt (1180636302)";"1180636302";"onbekend";"Overige acties: SINGLE_CONNECTION: Create task: Follow-up sales gesprek notitie";"Actief"
"Set future deal owners and controleurs for BTW deals";"1798803783";"💼 BTW - Q (759381020)";"759381020";"Factuur en mail verzonden (1162621605) | Extra vragen/opmerkingen van klant (1162621606)";"1162621605, 1162621606";"onbekend";"Geen acties gevonden in opgeslagen workflowdata";"Actief"
"Set 'betaalt niet' company property based on sales pipeline";"1637744759";"📁 Klantenbestand (5941173)";"5941173";"Betaalt niet (1028125854)";"1028125854";"onbekend";"Overige acties: SINGLE_CONNECTION: Stel 'betaalt_niet' in op 'true'";"Uitgeschakeld"
"Stap 3.1: LH 2020 juni | verander deal owner in contact owner - ALTIJD AAN ZONDER RE-ENROLMENT (cloned)";"33417497";"Onbekend";"";"Geen stage gedetecteerd";"";"onbekend";"Overige acties: SINGLE_CONNECTION: Stel 'hubspot_owner_id' in op '{""propertyName"":""contact_owner_niet_handmatig_veranderen"",""type"":""OBJECT_PROPERTY""}'";"Actief"
"Stap 2.1: LH juni 2020 | deal trigger maakt nieuwe deal aan - ALTIJD AAN ZONDER RE-ENROLMENT (cloned) (cloned)";"33439613";"Onbekend";"";"closedwon (onbekende stage)";"closedwon";"onbekend";"Stage/pipeline acties: SINGLE_CONNECTION zet dealstage naar 2818885 | Overige acties: SINGLE_CONNECTION: Schrijf object in voor workflow 33417497";"Actief"
"Stap 4.1: LH 2020 juni | als deal owner veranderd, dan veranderd deal naam - ALTIJD AAN MET RE-ENROLMENT (cloned)";"33439794";"Onbekend";"";"Geen stage gedetecteerd";"";"onbekend";"Overige acties: SINGLE_CONNECTION: Stel 'dealname' in op 'LH juni 2020: {{ _0_3.company_name_niet_handmatig_veranderen_deel_van_een_workflow }} | Owner: {{ _0_3.hubspot_owner_id }}'";"Actief"
"Pipeline is ""Inbox"", Ticket status is ""Beantwoord""";"29477283";"Onbekend";"";"2144302 (onbekende stage)";"2144302";"onbekend";"Geen acties gevonden in opgeslagen workflowdata";"Uitgeschakeld"
"Stap 4.1: LH 2020 september | als deal owner verandert, dan verandert deal naam - ALTIJD AAN MET RE-ENROLMENT";"37241562";"Onbekend";"";"Geen stage gedetecteerd";"";"onbekend";"Overige acties: SINGLE_CONNECTION: Stel 'dealname' in op 'LH september 2020: {{ _0_3.company_name_niet_handmatig_veranderen_deel_van_een_workflow }} | Owner: {{ _0_3.hubspot_owner_id }}'";"Actief"
"Kwaliteits niveau lead (cloned)";"157139593";"📁 Klantenbestand (5941173)";"5941173";"Offerte geaccepteerd start (5941263) | Omzet in uitvoering - Dossier nog onvolledig (5941264)";"5941263, 5941264";"onbekend";"Overige acties: LIST_BRANCH: Splits in 1 paden op basis van criteria; SINGLE_CONNECTION: Stel 'kwaliteitsniveau_lead' in op 'Prima lead'; SINGLE_CONNECTION: Stel 'kwaliteitsniveau_lead' in op 'Fout van Ageras'";"Actief"
"Contact naar IB verzonden";"164575117";"Onbekend";"3558202";"Geen stage gedetecteerd";"";"onbekend";"Overige acties: SINGLE_CONNECTION: Stel 'hs_priority' in op 'high'";"Actief"
"Software goed zetten in dossier";"1601815447";"Onbekend";"";"Geen stage gedetecteerd";"";"onbekend";"Overige acties: LIST_BRANCH: Splits in 1 paden op basis van criteria; SINGLE_CONNECTION: Stel 'administratiewijze' in op '{""staticAppendValue"":""Boekhoudpakket"",""type"":""STATIC_APPEND_VALUE""}'";"Actief"
"reset";"38516796";"Onbekend";"4937249";"4937254 (onbekende stage)";"4937254";"onbekend";"Overige acties: SINGLE_CONNECTION: Maak of update deal met velden: hubspot_owner_id, dealstage, dealname, closedate";"Uitgeschakeld"
"Deal prio low";"414573424";"BTW - Q4 2023* (68816402)";"68816402";"Geen stage gedetecteerd";"";"onbekend";"Overige acties: SINGLE_CONNECTION: Stel 'hs_priority' in op 'low'";"Actief"
"Stap 4.2: LH 2020 september | als company name verandert, dan verandert deal naam - ALTIJD AAN MET RE-ENROLMENT";"37241564";"Onbekend";"";"Geen stage gedetecteerd";"";"onbekend";"Overige acties: SINGLE_CONNECTION: Stel 'dealname' in op 'LH september 2020: {{ _0_3.company_name_niet_handmatig_veranderen_deel_van_een_workflow }} | Owner: {{ _0_3.hubspot_owner_id }}'";"Actief"
"Default-dtm van maken van afspraak";"190144939";"📈 Sales Pipeline (802700718)";"802700718";"Geen stage gedetecteerd";"";"onbekend";"Overige acties: SINGLE_CONNECTION: Stel 'dtm_van_maken_van_afspraak' in op '-2208988800000'";"Actief"
"Stap 4.2: OB 2020 Q2 | als company name veranderd, dan veranderd deal naam - ALTIJD AAN MET RE-ENROLMENT";"31074745";"Onbekend";"";"Geen stage gedetecteerd";"";"onbekend";"Overige acties: SINGLE_CONNECTION: Stel 'dealname' in op 'OB 2020 Q2: {{ _0_3.company_name_niet_handmatig_veranderen_deel_van_een_workflow }} | Owner: {{ _0_3.hubspot_owner_id }}'";"Uitgeschakeld"
"Stap 3.1: IB 2019 | verander deal owner in contact owner - ALTIJD AAN ZONDER RE-ENROLMENT";"32344537";"Onbekend";"";"Geen stage gedetecteerd";"";"onbekend";"Overige acties: SINGLE_CONNECTION: Stel 'hubspot_owner_id' in op '{""propertyName"":""contact_owner_niet_handmatig_veranderen"",""type"":""OBJECT_PROPERTY""}'";"Actief"
"Stap 3.1: LH 2020 september | verander deal owner in contact owner - ALTIJD AAN ZONDER RE-ENROLMENT";"37241694";"Onbekend";"";"Geen stage gedetecteerd";"";"onbekend";"Overige acties: SINGLE_CONNECTION: Stel 'hubspot_owner_id' in op '{""propertyName"":""contact_owner_niet_handmatig_veranderen"",""type"":""OBJECT_PROPERTY""}'";"Actief"
"Stap 4.1: OB 2020 Q3 | als deal owner veranderd, dan veranderd deal naam - ALTIJD AAN MET RE-ENROLMENT";"37239158";"Onbekend";"";"Geen stage gedetecteerd";"";"onbekend";"Overige acties: SINGLE_CONNECTION: Stel 'dealname' in op 'OB 2020 Q3: {{ _0_3.company_name_niet_handmatig_veranderen_deel_van_een_workflow }} | Owner: {{ _0_3.hubspot_owner_id }}'";"Uitgeschakeld"
"Stap 4.1: LH 2020 augustus | als deal owner verandert, dan verandert deal naam - ALTIJD AAN MET RE-ENROLMENT";"37240478";"Onbekend";"";"Geen stage gedetecteerd";"";"onbekend";"Overige acties: SINGLE_CONNECTION: Stel 'dealname' in op 'LH augustus 2020: {{ _0_3.company_name_niet_handmatig_veranderen_deel_van_een_workflow }} | Owner: {{ _0_3.hubspot_owner_id }}'";"Actief"
"Bankkoppeling - Stuur reminder";"472004617";"Onbekend";"";"Geen stage gedetecteerd";"";"onbekend";"Overige acties: SINGLE_CONNECTION: Send email";"Uitgeschakeld"
"Stap 3.1: VPB 2019 | verander deal owner in contact owner - ALTIJD AAN ZONDER RE-ENROLMENT";"32345208";"Onbekend";"";"Geen stage gedetecteerd";"";"onbekend";"Overige acties: SINGLE_CONNECTION: Stel 'hubspot_owner_id' in op '{""propertyName"":""contact_owner_niet_handmatig_veranderen"",""type"":""OBJECT_PROPERTY""}'";"Actief"
"Company name change";"38211489";"Onbekend";"";"Geen stage gedetecteerd";"";"onbekend";"Overige acties: WEBHOOK: Webhook -> https://enxhg00i95hq571.m.pipedream.net";"Uitgeschakeld"
"Pipeline is ""Inbox"", Ticket status is ""Doorgestuurd""";"32865245";"Onbekend";"";"2530180 (onbekende stage)";"2530180";"onbekend";"Geen acties gevonden in opgeslagen workflowdata";"Uitgeschakeld"
"Pipeline is ""Droomstarters"", deal stage is ""Mail Verstuurd""";"44587456";"Droomstarters (7793418)";"7793418";"Mail Verstuurd (7793419)";"7793419";"onbekend";"Geen acties gevonden in opgeslagen workflowdata";"Uitgeschakeld"
"Update Onboarding Typeform status for accepted deals";"1656807343";"📁 Klantenbestand (5941173)";"5941173";"Offerte geaccepteerd start - met BTW (1028125851) | Offerte geaccepteerd start (5941263)";"1028125851, 5941263";"onbekend";"Overige acties: SINGLE_CONNECTION: Stel 'onboarding_typeform' in op 'Verstuurd'";"Actief"
"default-Won DTM";"164532896";"📈 Sales Pipeline (802700718)";"802700718";"Geen stage gedetecteerd";"";"onbekend";"Overige acties: SINGLE_CONNECTION: Stel 'won_dtm' in op '-2208988800000'";"Actief"
"Deal Owner Change";"38215757";"Onbekend";"";"Geen stage gedetecteerd";"";"onbekend";"Overige acties: WEBHOOK: Webhook -> https://eo3yotzw70csrmt.m.pipedream.net";"Uitgeschakeld"
"Stap 4.2: LH 2020 augustus | als company name verandert, dan verandert deal naam - ALTIJD AAN MET RE-ENROLMENT";"37240481";"Onbekend";"";"Geen stage gedetecteerd";"";"onbekend";"Overige acties: SINGLE_CONNECTION: Stel 'dealname' in op 'LH augustus 2020: {{ _0_3.company_name_niet_handmatig_veranderen_deel_van_een_workflow }} | Owner: {{ _0_3.hubspot_owner_id }}'";"Actief"
"Contact Owner Change";"38216481";"Onbekend";"";"Geen stage gedetecteerd";"";"onbekend";"Overige acties: WEBHOOK: Webhook -> https://encvxx3ghygyt1.m.pipedream.net";"Uitgeschakeld"
"[TJILP] Calendly trigger - terugbelafspraak - geen gehoor";"39915727";"Onbekend";"";"Geen stage gedetecteerd";"";"onbekend";"Stage/pipeline acties: SINGLE_CONNECTION zet dealstage naar 5941176";"Uitgeschakeld"
"Update deal stage for monthly customers in the pipeline (BTW - Q1 2025)";"1645386809";"BTW - Q1 2025* (662474244)";"662474244";"Open* (972936369)";"972936369";"onbekend";"Stage/pipeline acties: SINGLE_CONNECTION zet dealstage naar 1049458960";"Actief"
"Bankkoppeling - Machtiging uitvragen";"472027153";"Bankkoppeling (54869673)";"54869673";"Bankkoppeling inactief (110283891)";"110283891";"onbekend";"Stage/pipeline acties: SINGLE_CONNECTION zet dealstage naar 110264841 | Overige acties: SINGLE_CONNECTION: Send email";"Uitgeschakeld"
"set source to Offerte.nl eenmalig";"503843674";"📁 Klantenbestand (5941173)";"5941173";"Geen stage gedetecteerd";"";"onbekend";"Overige acties: SINGLE_CONNECTION: Stel 'lead_source_wiecher' in op 'Organic'";"Uitgeschakeld"
"[Offerte.nl-sheet] Nieuw contact vanuit offerte.nl-sheet";"47309511";"Onbekend";"";"Geen stage gedetecteerd";"";"onbekend";"Overige acties: SINGLE_CONNECTION: Maak of update deal met velden: hubspot_owner_id, dealstage, dealname, amount";"Uitgeschakeld"
"Dtm Eerste Bel Moment";"142736420";"📁 Klantenbestand (5941173)";"5941173";"5839630 (onbekende stage) | 5941260 (onbekende stage) | 5941180 (onbekende stage) | 24077111 (onbekende stage) | Offerte geaccepteerd start (5941263) | 5941175 (onbekende stage) | Nieuwe deals - bestaande klanten (5941174)";"5839630, 5941260, 5941180, 24077111, 5941263, 5941175, 5941174";"onbekend";"Overige acties: SINGLE_CONNECTION: Stel 'dtm_eerste_telefoongesprek' in op 'de datum waarop deze actie wordt uitgevoerd'";"Actief"
"Stap 2.1: LH juli 2020 | deal trigger maakt nieuwe deal aan - ALTIJD AAN ZONDER RE-ENROLMENT (cloned)";"32583267";"Onbekend";"";"closedwon (onbekende stage)";"closedwon";"onbekend";"Stage/pipeline acties: SINGLE_CONNECTION zet dealstage naar 2235864 | Overige acties: SINGLE_CONNECTION: Schrijf object in voor workflow 32583271";"Actief"
"set source to Offerte.nl eenmalig (cloned) 2";"503896884";"📁 Klantenbestand (5941173)";"5941173";"Geen stage gedetecteerd";"";"onbekend";"Overige acties: SINGLE_CONNECTION: Stel 'lead_source_wiecher' in op 'Organic'";"Uitgeschakeld"
"JR status 2023 uit VPB pipeline";"536328727";"VPB - 2023* (74075201)";"74075201";"Aangifte verzonden (142382762) | Factuur verzonden (142382761) | Gedeponeerd (142382764) | Kan gedeponeerd worden (142382763) | Aangifte naar klant (142272147) | in Fiscaal Online (142272146)";"142382762, 142382761, 142382764, 142382763, 142272147, 142272146";"onbekend";"Overige acties: SINGLE_CONNECTION: Stel 'jaarrekening_2023_gereed' in op 'JR gereed'";"Actief"
"HUBSPOT TEST Reminder follow-up e-mail (cloned)";"151819678";"Onbekend";"";"Geen stage gedetecteerd";"";"onbekend";"Overige acties: LIST_BRANCH: Splits in 3 paden op basis van criteria; SINGLE_CONNECTION: Send internal email notification: Reminder";"Uitgeschakeld"
"Jaarlijkse klanten nieuwsbrief augustus";"106388151";"📁 Klantenbestand (5941173)";"5941173";"Omzet in uitvoering - Dossier nog onvolledig (5941264)";"5941264";"onbekend";"Overige acties: SINGLE_CONNECTION: Delay until 09:00; SINGLE_CONNECTION: Send internal email notification: Nieuwsbrief naar Jaarlijkse Klanten";"Actief"
"Pipeline is ""BTW Q4 2022"", deal stage is ""Open""";"303514220";"Onbekend";"20709408";"49975826 (onbekende stage)";"49975826";"onbekend";"Geen acties gevonden in opgeslagen workflowdata";"Uitgeschakeld"
"JR prio van uit IB 2023";"536357813";"Jaarrekening - 2023* (68883520)";"68883520";"Geen stage gedetecteerd";"";"onbekend";"Overige acties: SINGLE_CONNECTION: Stel 'hs_priority' in op 'high'";"Actief"
"JR status 2023 uit IB pipeline";"536368564";"Inkomstenbelasting - 2023* (70094380)";"70094380";"Aangifte in Fiscaal Online (135846499) | Aangifte en factuur verzonden (135846500) | Akkoord en ingediend (135846501)";"135846499, 135846500, 135846501";"onbekend";"Overige acties: SINGLE_CONNECTION: Stel 'jaarrekening_2023_gereed' in op 'JR gereed'";"Actief"
"Default -Unieke Klant";"164530279";"📈 Sales Pipeline (802700718)";"802700718";"Geen stage gedetecteerd";"";"onbekend";"Overige acties: SINGLE_CONNECTION: Stel 'unieke_klant' in op 'Uniek'";"Actief"
"Datum eerste contact";"122934648";"Onbekend";"";"Geen stage gedetecteerd";"";"onbekend";"Geen acties gevonden in opgeslagen workflowdata";"Uitgeschakeld"
"Default-DTM derde gemiste telefoon gesprek";"164533005";"📈 Sales Pipeline (802700718)";"802700718";"Geen stage gedetecteerd";"";"onbekend";"Overige acties: SINGLE_CONNECTION: Stel 'dtm_derde_bel_moment' in op '-2208988800000'";"Actief"
"JR naar q1-q4 geboekt 2023";"536897883";"Jaarrekening - 2023* (68883520)";"68883520";"Geen stage gedetecteerd";"";"onbekend";"Stage/pipeline acties: SINGLE_CONNECTION zet dealstage naar 133728932";"Actief"
"JR status Q4 2023 niet af";"536943416";"BTW - Q4 2023* (68816402)";"68816402";"Factuur en mail verzonden alleen BTW (133660562)";"133660562";"onbekend";"Overige acties: SINGLE_CONNECTION: Stel 'jaarrekening_2023_gereed' in op 'JR niet gereed'";"Actief"
"Jaarlijkse klanten nieuwsbrief mei";"106418844";"📁 Klantenbestand (5941173)";"5941173";"Omzet in uitvoering - Dossier nog onvolledig (5941264)";"5941264";"onbekend";"Overige acties: SINGLE_CONNECTION: Delay until 09:00; SINGLE_CONNECTION: Send internal email notification: Nieuwsbrief naar Jaarlijkse Klanten";"Actief"
"Name Change of Contact";"577790018";"Onbekend";"";"Geen stage gedetecteerd";"";"onbekend";"Overige acties: WEBHOOK: Webhook -> https://composed-month-production.up.railway.app/operations/hubspot/contact/updating_dealname";"Actief"
"JR goedplaatsen Klant is Nieuw ";"571239966";"Jaarrekening - 2023* (68883520)";"68883520";"Open* (133728929)";"133728929";"onbekend";"Stage/pipeline acties: SINGLE_CONNECTION zet dealstage naar 168128679 | Overige acties: SINGLE_CONNECTION: Stel 'hs_priority' in op 'low'";"Actief"
"Put deals in correct BTW stage based on Bankkoppeling Status  (HubSpot 592552865)";"592552865";"Onbekend";"";"Geen stage gedetecteerd";"";"onbekend";"Stage/pipeline acties: SINGLE_CONNECTION zet dealstage naar 191737160; SINGLE_CONNECTION zet dealstage naar 191737159; SINGLE_CONNECTION zet dealstage naar 191737158 | Overige acties: LIST_BRANCH: Splits in 2 paden op basis van criteria";"Uitgeschakeld"
"DTM afspraak";"149404974";"Onbekend";"";"112417868 (onbekende stage) | 5941262 (onbekende stage)";"112417868, 5941262";"onbekend";"Overige acties: SINGLE_CONNECTION: Stel 'dtm_eerste_fysieke_afspraak' in op 'de datum waarop deze actie wordt uitgevoerd'";"Actief"
"set source to organic";"430053771";"📁 Klantenbestand (5941173)";"5941173";"Geen stage gedetecteerd";"";"onbekend";"Overige acties: SINGLE_CONNECTION: Stel 'lead_source_wiecher' in op 'Organic'";"Actief"
"Stop Date";"145756551";"📁 Klantenbestand (5941173)";"5941173";"Klant- geen contact (963342670) | Klant haakt af (1514835)";"963342670, 1514835";"onbekend";"Overige acties: SINGLE_CONNECTION: Stel 'stop_dtm' in op 'de datum waarop deze actie wordt uitgevoerd'";"Actief"
"Deal prio medium BTW q2 2024 (cloned)";"591326586";"BTW - Q2 2024* (106051679)";"106051679";"Geen stage gedetecteerd";"";"onbekend";"Overige acties: SINGLE_CONNECTION: Stel 'hs_priority' in op 'medium'";"Actief"
"Forecast Probability Mapping for Pipeline: Inkomstenbelasting - 2020";"75421827";"Onbekend";"8512009";"Geen stage gedetecteerd";"";"onbekend";"Overige acties: LIST_BRANCH: Splits in 5 paden op basis van criteria; SINGLE_CONNECTION: Stel 'hs_forecast_probability' in op '0.0'; SINGLE_CONNECTION: Stel 'hs_forecast_probability' in op '1.0'";"Uitgeschakeld"
"Op afspraak geweest 2";"149397779";"Onbekend";"";"Geen stage gedetecteerd";"";"onbekend";"Overige acties: SINGLE_CONNECTION: Stel 'dtm_eerste_fysieke_afspraak' in op 'de datum waarop deze actie wordt uitgevoerd'; SINGLE_CONNECTION: Stel 'op_afspraak_geweest' in op 'true'";"Uitgeschakeld"
"Set Ageras offertebedrag";"121077652";"📁 Klantenbestand (5941173)";"5941173";"Nieuwe deals - bestaande klanten (5941174)";"5941174";"onbekend";"Overige acties: SINGLE_CONNECTION: Stel 'ageras_offertebedrag' in op '{""propertyName"":""amount"",""type"":""OBJECT_PROPERTY""}'";"Actief"
"Taal sync vanuit contact naar sales pipeline";"153463832";"Onbekend";"";"Geen stage gedetecteerd";"";"onbekend";"Overige acties: SINGLE_CONNECTION: Stel 'voertaal' in op '{""propertyName"":""taal2"",""type"":""OBJECT_PROPERTY""}'";"Actief"
"Enroll contacts when Klippa nodig is No";"1656807783";"Onbekend";"";"Geen stage gedetecteerd";"";"onbekend";"Overige acties: SINGLE_CONNECTION: Stel 'klippa' in op 'nvt'";"Actief"
"DTM eerste gemiste telefoon gesprek";"149895065";"📈 Sales Pipeline (802700718)";"802700718";"Geen gehoor 1. (1180703134)";"1180703134";"onbekend";"Overige acties: SINGLE_CONNECTION: Stel 'dtm_eerste_gemiste_telefoon_gesprek' in op 'de datum waarop deze actie wordt uitgevoerd'";"Actief"
"Afspraak gemist 2";"149350723";"Onbekend";"";"Geen stage gedetecteerd";"";"onbekend";"Overige acties: SINGLE_CONNECTION: Stel 'dtm_gemiste_fysieke_afspraak' in op 'de datum waarop deze actie wordt uitgevoerd'";"Actief"
"set source to Offerte.nl eenmalig (cloned)";"503922801";"📁 Klantenbestand (5941173)";"5941173";"Geen stage gedetecteerd";"";"onbekend";"Overige acties: SINGLE_CONNECTION: Stel 'lead_source_wiecher' in op 'Offerte.nl'";"Uitgeschakeld"
"Jaarlijkse klanten nieuwsbrief februari ";"106423304";"📁 Klantenbestand (5941173)";"5941173";"Omzet in uitvoering - Dossier nog onvolledig (5941264)";"5941264";"onbekend";"Overige acties: SINGLE_CONNECTION: Delay until 09:00; SINGLE_CONNECTION: Send internal email notification: Nieuwsbrief naar Jaarlijkse Klanten";"Actief"
"Openstaand Factuur";"1606906949";"Onbekend";"";"Geen stage gedetecteerd";"";"onbekend";"Overige acties: SINGLE_CONNECTION: Delay for 7 days; LIST_BRANCH: Splits in 1 paden op basis van criteria; SINGLE_CONNECTION: Send email";"Uitgeschakeld"
"Move deal based on jaarrekening prioriteit property - Dynamic";"1639801486";"Onbekend";"";"Geen stage gedetecteerd";"";"onbekend";"Stage/pipeline acties: SINGLE_CONNECTION zet dealstage naar 1033474669; SINGLE_CONNECTION zet dealstage naar 1033474670 | Overige acties: LIST_BRANCH: Splits in 2 paden op basis van criteria";"Actief"
"Default-tweede gemiste telefoon gesprek";"164532906";"📈 Sales Pipeline (802700718)";"802700718";"Geen stage gedetecteerd";"";"onbekend";"Overige acties: SINGLE_CONNECTION: Stel 'dtm_tweede_bel_moment' in op '-2208988800000'";"Actief"
"Line items ontbreken";"167430055";"📁 Klantenbestand (5941173)";"5941173";"Offerte geaccepteerd start (5941263) | Omzet in uitvoering - Dossier nog onvolledig (5941264)";"5941263, 5941264";"onbekend";"Overige acties: SINGLE_CONNECTION: Send internal email notification: Line items ontbreken";"Actief"
"Software Jaarcontrole pipeline bewegen ";"1606842145";"BTW - Q2024 Check* (642376248)";"642376248";"Taak toegewezen (947150676) | Open* (947150675)";"947150676, 947150675";"onbekend";"Stage/pipeline acties: SINGLE_CONNECTION zet dealstage naar 951696757";"Actief"
"Copy moeilijkheidsgraad from company to deal (cloned)";"1607217739";"Onbekend";"";"Geen stage gedetecteerd";"";"onbekend";"Overige acties: SINGLE_CONNECTION: Stel 'moeilijkheidsgraad' in op '{""propertyName"":""moeilijkheidsgraad"",""type"":""OBJECT_PROPERTY""}'";"Actief"
"Contact naar VPB verzonden";"164576879";"Onbekend";"3558564";"Geen stage gedetecteerd";"";"onbekend";"Overige acties: SINGLE_CONNECTION: Stel 'hs_priority' in op 'high'";"Actief"
"Geen Taal in Contact- Melding";"249135998";"📁 Klantenbestand (5941173)";"5941173";"Offerte geaccepteerd start (5941263) | Omzet in uitvoering - Dossier nog onvolledig (5941264)";"5941263, 5941264";"onbekend";"Overige acties: SINGLE_CONNECTION: Send internal email notification: Geen Taal in Contact";"Actief"
"Stap 1.2: als company name bekend wordt, dan dit invullen in property deal - ALTIJD AAN MET RE-ENROLMENT";"31084098";"Onbekend";"";"Geen stage gedetecteerd";"";"onbekend";"Overige acties: SINGLE_CONNECTION: Stel 'company_name_niet_handmatig_veranderen_deel_van_een_workflow' in op '{""propertyName"":""name"",""type"":""OBJECT_PROPERTY""}'";"Actief"
"Pipeline is ""Inbox"", Ticket status is ""In process""";"29476233";"Onbekend";"";"2 (onbekende stage)";"2";"onbekend";"Geen acties gevonden in opgeslagen workflowdata";"Uitgeschakeld"
"Pipeline is ""BTW - Q3 2022*"", deal stage is ""Open*""";"304074580";"Onbekend";"11508353";"34048046 (onbekende stage)";"34048046";"onbekend";"Geen acties gevonden in opgeslagen workflowdata";"Uitgeschakeld"
"Remove company from portal";"595728772";"Onbekend";"";"Geen stage gedetecteerd";"";"onbekend";"Overige acties: WEBHOOK: Webhook -> https://dinnka-production.up.railway.app/v2/administrations/offboard/hubspot/";"Uitgeschakeld"
"JR status 2022 uit IB pipeline";"380302981";"Onbekend";"";"34391429 (onbekende stage) | 34391430 (onbekende stage) | 34391431 (onbekende stage) | 61241905 (onbekende stage) | 34277905 (onbekende stage) | 34391427 (onbekende stage)";"34391429, 34391430, 34391431, 61241905, 34277905, 34391427";"onbekend";"Overige acties: SINGLE_CONNECTION: Stel 'jaarrekening_2022_gereed' in op 'JR gereed'";"Uitgeschakeld"
"Termijn pakketklanten";"190168626";"Pakket Klanten (4485237)";"4485237";"Geen stage gedetecteerd";"";"onbekend";"Overige acties: LIST_BRANCH: Splits in 3 paden op basis van criteria; SINGLE_CONNECTION: Stel 'customer_service' in op 'Wekelijks'; SINGLE_CONNECTION: Stel 'customer_service' in op '2 wekelijks'; SINGLE_CONNECTION: Stel 'customer_service' in op 'Maandelijks'";"Uitgeschakeld"
"Copy moeilijkheids graad van dossier naar company";"617822874";"Onbekend";"";"Geen stage gedetecteerd";"";"onbekend";"Overige acties: SINGLE_CONNECTION: Stel 'moeilijkheidsgraad' in op '{""propertyName"":""moeilijkheidsgraad"",""type"":""OBJECT_PROPERTY""}'";"Actief"
"Stap 2.1: LH augustus 2020 | deal trigger maakt nieuwe deal aan - ALTIJD AAN ZONDER RE-ENROLMENT";"37240562";"Onbekend";"";"closedwon (onbekende stage) | 4381242 (onbekende stage)";"closedwon, 4381242";"onbekend";"Stage/pipeline acties: SINGLE_CONNECTION zet dealstage naar 4757176 | Overige acties: SINGLE_CONNECTION: Schrijf object in voor workflow 37240473";"Actief"
"Deal modified (Contact & Company)";"40406761";"Onbekend";"";"Geen stage gedetecteerd";"";"onbekend";"Overige acties: WEBHOOK: Webhook -> https://eoqyqhopba30xe2.m.pipedream.net";"Uitgeschakeld"
"Moeilijkheids graad copy van company naar deal";"1607136322";"Onbekend";"";"Geen stage gedetecteerd";"";"onbekend";"Overige acties: SINGLE_CONNECTION: Stel 'moeilijkheidsgraad' in op '{""propertyName"":""moeilijkheidsgraad"",""type"":""OBJECT_PROPERTY""}'";"Actief"
"JR Nieuwe klant Prio";"571875714";"Jaarrekening - 2023* (68883520)";"68883520";"Geen stage gedetecteerd";"";"onbekend";"Overige acties: SINGLE_CONNECTION: Stel 'hs_priority' in op 'low'";"Actief"
"Revert betaalt niet when deal leaves ""Betaalt niet"" in sales pipeline";"1671688508";"Onbekend";"";"Geen stage gedetecteerd";"";"onbekend";"Overige acties: WEBHOOK: Webhook -> https://composed-month-production.up.railway.app/operations/hubspot/reset_betaalt_niet; SINGLE_CONNECTION: Stel 'vorige_stage' in op ''";"Actief"
"Jaarlijkse klanten nieuwsbrief november";"106416524";"📁 Klantenbestand (5941173)";"5941173";"Omzet in uitvoering - Dossier nog onvolledig (5941264)";"5941264";"onbekend";"Overige acties: SINGLE_CONNECTION: Delay until 09:00; SINGLE_CONNECTION: Send internal email notification: Nieuwsbrief naar Jaarlijkse Klanten";"Actief"
"JR status 2022 uit JR pipeline ";"399359796";"Onbekend";"";"57306719 (onbekende stage) | 51914369 (onbekende stage)";"57306719, 51914369";"onbekend";"Overige acties: SINGLE_CONNECTION: Stel 'jaarrekening_2022_gereed' in op 'JR gereed'";"Uitgeschakeld"
"Deal prio medium";"414564243";"BTW - Q4 2023* (68816402)";"68816402";"Geen stage gedetecteerd";"";"onbekend";"Overige acties: SINGLE_CONNECTION: Stel 'hs_priority' in op 'medium'";"Actief"
"Put deals in correct BTW stage based on Bankkoppeling Status";"589479738";"BTW - Q2 2024* (106051679)";"106051679";"Open* (191737158)";"191737158";"onbekend";"Stage/pipeline acties: SINGLE_CONNECTION zet dealstage naar 191737160; SINGLE_CONNECTION zet dealstage naar 191737159 | Overige acties: LIST_BRANCH: Splits in 2 paden op basis van criteria";"Uitgeschakeld"
"Move JR deals based on priority from IB";"1686608443";"👤 Inkomstenbelasting (749749904)";"749749904";"Geen stage gedetecteerd";"";"onbekend";"Overige acties: WEBHOOK: Webhook -> https://composed-month-production.up.railway.app/properties/jr_prio_from_ib";"Actief"
"Add Deals for Bankkoppeling";"472175511";"Onbekend";"";"83794234 (onbekende stage) | 83794233 (onbekende stage) | 83794232 (onbekende stage)";"83794234, 83794233, 83794232";"onbekend";"Overige acties: SINGLE_CONNECTION: Maak of update deal met velden: hubspot_owner_id, dealstage, dealname";"Actief"
"Move JR deal based on Jaarrekening company property - dynamic";"1617887756";"Onbekend";"";"Geen stage gedetecteerd";"";"onbekend";"Stage/pipeline acties: SINGLE_CONNECTION zet dealstage naar 235223623; SINGLE_CONNECTION zet dealstage naar 253060782 | Overige acties: LIST_BRANCH: Splits in 2 paden op basis van criteria";"Actief"
"Set betaalt niet";"1667523927";"📁 Klantenbestand (5941173)";"5941173";"Betaalt niet (1028125854)";"1028125854";"onbekend";"Overige acties: WEBHOOK: Webhook -> https://composed-month-production.up.railway.app/operations/hubspot/betaalt_niet; SINGLE_CONNECTION: Stel 'vorige_stage' in op '1028125854'";"Actief"
"Stap 2.1: VPB 2019 | deal trigger maakt nieuwe deal aan - ALTIJD AAN ZONDER RE-ENROLMENT";"32358747";"Onbekend";"";"4381242 (onbekende stage) | closedwon (onbekende stage)";"4381242, closedwon";"onbekend";"Stage/pipeline acties: SINGLE_CONNECTION zet dealstage naar 2235923 | Overige acties: SINGLE_CONNECTION: Schrijf object in voor workflow 32345208";"Actief"
"Update dealstage in BTW stage op basis van bankkoppeling";"1692210986";"💼 BTW - Q (759381020)";"759381020";"Open* (1105043882) | 2 maanden geboekt (bankkoppeling verlopen) (1162449022) | 2 maanden geboekt (info nodig) (1162449030) | Gegevens gereed (1162449026) | 2 maanden geboekt (1162621597) | 2 maanden geboekt (controle) (1162621598)";"1105043882, 1162449022, 1162449030, 1162449026, 1162621597, 1162621598";"onbekend";"Overige acties: WEBHOOK: Webhook -> https://composed-month-production.up.railway.app/operations/hubspot/btw_dealstage_based_on_bank_connection; SINGLE_CONNECTION: Wait until event criteria are met";"Actief"
"Move VPB deal when JR = done (dynamic)";"1617934593";"Onbekend";"";"Geen stage gedetecteerd";"";"onbekend";"Stage/pipeline acties: SINGLE_CONNECTION zet dealstage naar 235292816; SINGLE_CONNECTION zet dealstage naar 1038527514 | Overige acties: LIST_BRANCH: Splits in 2 paden op basis van criteria";"Actief"
"Name Change of Company";"577992302";"Onbekend";"";"Geen stage gedetecteerd";"";"onbekend";"Overige acties: WEBHOOK: Webhook -> https://composed-month-production.up.railway.app/operations/hubspot/company/updating_dealname";"Actief"
"Tijdelijk - Q4 - Aanmaken";"521734440";"BTW - Q3 2023* (56173923)";"56173923";"Geen stage gedetecteerd";"";"onbekend";"Overige acties: SINGLE_CONNECTION: Maak of update deal met velden: hubspot_owner_id, dealstage, dealname, amount";"Uitgeschakeld"
"moeijlijkheids graad priority: jaarrekening 2024 - dynamic";"1617863497";"Onbekend";"";"Geen stage gedetecteerd";"";"onbekend";"Overige acties: LIST_BRANCH: Splits in 3 paden op basis van criteria; SINGLE_CONNECTION: Stel 'hs_priority' in op 'low'; SINGLE_CONNECTION: Stel 'hs_priority' in op 'medium'; SINGLE_CONNECTION: Stel 'hs_priority' in op 'high'";"Actief"
"Copy software/portaal/pakket from company to deal";"1637748761";"Onbekend";"";"Geen stage gedetecteerd";"";"onbekend";"Overige acties: SINGLE_CONNECTION: Stel 'software_portaal_pakket' in op '{""propertyName"":""software_portaal_pakket"",""type"":""OBJECT_PROPERTY""}'";"Actief"
"Stap 2.1: OB 2020 Q2 | deal trigger maakt nieuwe deal aan - ALTIJD AAN ZONDER RE-ENROLMENT";"32573239";"Onbekend";"";"4381242 (onbekende stage) | closedwon (onbekende stage)";"4381242, closedwon";"onbekend";"Stage/pipeline acties: SINGLE_CONNECTION zet dealstage naar 2207219 | Overige acties: SINGLE_CONNECTION: Schrijf object in voor workflow 32342610";"Uitgeschakeld"
"IB informatie status 2023";"536333828";"Inkomstenbelasting - 2023* (70094380)";"70094380";"Gegevens ontvangen GEEN VIG (135803308)";"135803308";"onbekend";"Overige acties: SINGLE_CONNECTION: Stel 'ib_2023_info_ontvangen' in op 'Info ontvangen'";"Actief"
"set dtm afspraak to dtm mail verstuurd eenmalig";"508279951";"Onbekend";"";"Geen stage gedetecteerd";"";"onbekend";"Overige acties: SINGLE_CONNECTION: Stel 'dtm_eerste_fysieke_afspraak' in op '{""propertyName"":""dtm_vervolg_email"",""type"":""OBJECT_PROPERTY""}'";"Uitgeschakeld"
"Taal sync vanuit sales pipeline naar contact";"152366623";"📈 Sales Pipeline (802700718) | 📁 Klantenbestand (5941173)";"802700718, 5941173";"Geen stage gedetecteerd";"";"onbekend";"Overige acties: SINGLE_CONNECTION: Stel 'taal2' in op '{""propertyName"":""voertaal"",""type"":""OBJECT_PROPERTY""}'";"Actief"
"Copy contact jaarrekeningen property to deals (dynamic)";"1617934605";"Onbekend";"";"Geen stage gedetecteerd";"";"onbekend";"Overige acties: SINGLE_CONNECTION: Stel 'jaarrekeningen__contact__2024' in op '{""propertyName"":""jaarrekeningen_status_ib_2024"",""type"":""OBJECT_PROPERTY""}'";"Actief"
"Pipeline is ""Sales Pipeline met Automation"", deal stage is ""Offerte opgesteld en verzonden""";"1622829402";"📁 Klantenbestand (5941173)";"5941173";"994212499 (onbekende stage)";"994212499";"onbekend";"Geen acties gevonden in opgeslagen workflowdata";"Uitgeschakeld"
"Set Jaar based on Create Date, Customer Service";"1732891157";"Onbekend";"";"Geen stage gedetecteerd";"";"onbekend";"Overige acties: WEBHOOK: Webhook -> https://composed-month-production.up.railway.app/properties/update_year";"Actief"
"DTM derde gemiste telefoon gesprek";"149895041";"Onbekend";"";"4915299 (onbekende stage)";"4915299";"onbekend";"Overige acties: SINGLE_CONNECTION: Stel 'dtm_derde_bel_moment' in op 'de datum waarop deze actie wordt uitgevoerd'";"Actief"
"Copy company property ""Jaarklant Prioriteit"" to associated deals - dynamic";"1639801463";"Onbekend";"";"Geen stage gedetecteerd";"";"onbekend";"Overige acties: SINGLE_CONNECTION: Stel 'jaarrekening_prioriteit' in op 'Ja'";"Actief"
"IB Typeform ingevuld -> JR prio bolletje";"1788604573";"Onbekend";"";"Geen stage gedetecteerd";"";"onbekend";"Overige acties: WEBHOOK: Webhook -> https://composed-month-production.up.railway.app/properties/jr_priority_dot_from_ib_typeform";"Actief"
"Set Deal Property: Activiteit Sales Deal Stage - Dynamic";"1631950770";"Onbekend";"";"Geen stage gedetecteerd";"";"onbekend";"Overige acties: LIST_BRANCH: Splits in 1 paden op basis van criteria; SINGLE_CONNECTION: Stel 'activiteit' in op 'Actief'; SINGLE_CONNECTION: Stel 'activiteit' in op 'Inactief'";"Actief"
"default- eerste fysieke afspraak";"164554537";"📈 Sales Pipeline (802700718)";"802700718";"Geen stage gedetecteerd";"";"onbekend";"Overige acties: SINGLE_CONNECTION: Stel 'dtm_eerste_fysieke_afspraak' in op '-2208988800000'";"Actief"
"Move to Bankkoppeling actief stage rechtzetten ";"568921450";"BTW - Q4 2023* (68816402)";"68816402";"Bankkoppeling actief (133697051)";"133697051";"onbekend";"Stage/pipeline acties: SINGLE_CONNECTION zet dealstage naar 167268251";"Uitgeschakeld"
"set source to ageras";"430048942";"📈 Sales Pipeline (802700718)";"802700718";"Geen stage gedetecteerd";"";"onbekend";"Overige acties: SINGLE_CONNECTION: Stel 'lead_source_wiecher' in op 'Ageras'";"Actief"
"Bedrijven zonder bankkoppeling instellen";"1799671812";"📚 Jaarrekening (746430534)";"746430534";"Zonder BTW (geen jaarklant) (1104468997) | Maakt en levert zelf berekening (1086412193) | Zonder BTW (jaarklant) (1086412194)";"1104468997, 1086412193, 1086412194";"onbekend";"Geen acties gevonden in opgeslagen workflowdata";"Uitgeschakeld"
"Priority based on Lead Source";"1626865560";"Onbekend";"";"Geen stage gedetecteerd";"";"onbekend";"Overige acties: LIST_BRANCH: Splits in 2 paden op basis van criteria; SINGLE_CONNECTION: Stel 'hs_priority' in op 'high'; SINGLE_CONNECTION: Stel 'hs_priority' in op ''; SINGLE_CONNECTION: Stel 'hs_priority' in op 'low'";"Actief"
"Put deals from ""JR JAARKLANT"" to ""GEGEVENS GEREED"" bankkoppeling status - default";"1629092974";"Jaarrekening - 2024* (136666296)";"136666296";"Open* (235354027) | JR Jaarklant (980674656)";"235354027, 980674656";"onbekend";"Stage/pipeline acties: SINGLE_CONNECTION zet dealstage naar 235354029";"Uitgeschakeld"
"Upsert WeFact client";"1764372826";"📈 Sales Pipeline (802700718)";"802700718";"WeFact klant aanmaken (1284704094)";"1284704094";"onbekend";"Overige acties: WEBHOOK: Webhook -> https://composed-month-production.up.railway.app/wefact/hubspot/upsert_debtor";"Actief"
"JR boekers property invullen vanuit JR pipeline";"1790547798";"📚 Jaarrekening (746430534)";"746430534";"Geen stage gedetecteerd";"";"onbekend";"Overige acties: WEBHOOK: Webhook -> https://composed-month-production.up.railway.app/properties/jr/sync_related_jr_owners_same_year";"Actief"
"New Pipeline";"43599719";"Onbekend";"";"Geen stage gedetecteerd";"";"onbekend";"Overige acties: WEBHOOK: Webhook -> https://eo21vny1wf3cgvw.m.pipedream.net?pipeline=1&start=0&end=100; SINGLE_CONNECTION: Delay for 1 minute; WEBHOOK: Webhook -> https://eo21vny1wf3cgvw.m.pipedream.net?pipeline=2&start=0&end=100; WEBHOOK: Webhook -> https://eo21vny1wf3cgvw.m.pipedream.net?pipeline=3&start=0&end=100; WEBHOOK: Webhook -> https://eo21vny1wf3cgvw.m.pipedream.net?pipeline=4&start=0&end=100; WEBHOOK: Webhook -> https://eo21vny1wf3cgvw.m.pipedream.net?pipeline=4&start=100&end=200; WEBHOOK: Webhook -> https://eo21vny1wf3cgvw.m.pipedream.net?pipeline=4&start=200&end=300; WEBHOOK: Webhook -> https://eo21vny1wf3cgvw.m.pipedream.net?pipeline=4&start=400&end=500";"Uitgeschakeld"
"Bedrijfzvoorm van ""contact"" overnemen naar deal voor IB pipeline 2024";"1637520541";"Inkomstenbelasting - 2024* (136340544)";"136340544";"Geen stage gedetecteerd";"";"onbekend";"Overige acties: LIST_BRANCH: Splits in 2 paden op basis van criteria; SINGLE_CONNECTION: Stel 'bedrijfsvoorm_voor_ib__deal_' in op 'Contact heeft minimaal een BV'; SINGLE_CONNECTION: Stel 'bedrijfsvoorm_voor_ib__deal_' in op 'Contact heeft geen BV'";"Actief"
"When machtiging deal = actief, change contact property";"1618075059";"🧾🔒 Inkomstenbelasting doorlopende machtiging (61782389)";"61782389";"Machtiging actief  (121565526)";"121565526";"onbekend";"Overige acties: SINGLE_CONNECTION: Stel 'machtiging_fiscaal_online_doorlopend' in op 'Geactiveerd'; LIST_BRANCH: Splits in 3 paden op basis van criteria; SINGLE_CONNECTION: Stel 'machtiging_fiscaal_online_doorlopend' in op 'Aangevraagd'; SINGLE_CONNECTION: Stel 'machtiging_fiscaal_online_doorlopend' in op 'Error/afgekeurd'";"Actief"
"Copy record ID from dossier to company ex post (for zapier automation)";"1643663109";"Onbekend";"";"Geen stage gedetecteerd";"";"onbekend";"Overige acties: SINGLE_CONNECTION: Stel 'dossier_id' in op '{{ fetched_objects.fetched_object_138121620.hs_object_id }}'";"Actief"
"Move EZ with only IB to IB Particulier deal stage ";"1643678644";"Onbekend";"";"1041492335 (onbekende stage)";"1041492335";"onbekend";"Stage/pipeline acties: SINGLE_CONNECTION zet dealstage naar 1044124012";"Uitgeschakeld"
"Update deal stage for monthly customers in the pipeline (Jaarrekening 2024)";"1645306120";"Jaarrekening - 2024* (136666296)";"136666296";"Open* (235354027)";"235354027";"onbekend";"Stage/pipeline acties: SINGLE_CONNECTION zet dealstage naar 1049588514";"Actief"
"JRen property contact goed zetten aan de hand van company properties";"1617436815";"Onbekend";"";"Geen stage gedetecteerd";"";"onbekend";"Overige acties: LIST_BRANCH: Splits in 1 paden op basis van criteria; LIST_BRANCH: Splits in 2 paden op basis van criteria; SINGLE_CONNECTION: Stel 'jaarrekeningen_status_ib_2024' in op 'JRen niet compleet'; SINGLE_CONNECTION: Stel 'jaarrekeningen_status_ib_2024' in op 'Alle JRen klaar om te maken'; SINGLE_CONNECTION: Stel 'jaarrekeningen_status_ib_2024' in op 'Alle JRen gereed'; SINGLE_CONNECTION: Stel 'jaarrekeningen_status_ib_2024' in op 'Geen JR Nodig'";"Actief"
"Deal prio high BTW (cloned)";"571236204";"BTW - Q4 2023* (68816402)";"68816402";"Geen stage gedetecteerd";"";"onbekend";"Overige acties: SINGLE_CONNECTION: Stel 'hs_priority' in op 'high'";"Uitgeschakeld"
"Copy company jaarrekening property to deal (dynamic)";"1617879166";"Onbekend";"";"Geen stage gedetecteerd";"";"onbekend";"Overige acties: SINGLE_CONNECTION: Stel 'jaarrekening_2024__company_' in op '{""propertyName"":""jaarrekening_2024"",""type"":""OBJECT_PROPERTY""}'";"Actief"
"Copy Jaarrekeningen property from Contact to deal";"1617879167";"Onbekend";"";"Geen stage gedetecteerd";"";"onbekend";"Overige acties: SINGLE_CONNECTION: Stel 'jaarrekeningen__contact__2024' in op '{""propertyName"":""jaarrekeningen_status_ib_2024"",""type"":""OBJECT_PROPERTY""}'";"Actief"
"JR goed plaatsen gebaseerd op JR status 2023";"536358465";"Jaarrekening - 2023* (68883520)";"68883520";"JR Compleet (133728934)";"133728934";"onbekend";"Stage/pipeline acties: SINGLE_CONNECTION zet dealstage naar 133725005";"Actief"
"Copy contact typeform property to deal";"1637691551";"Onbekend";"";"Geen stage gedetecteerd";"";"onbekend";"Overige acties: SINGLE_CONNECTION: Stel 'ib_2024_typeform_ingevuld__copy_from_contact_' in op '{""propertyName"":""ib_2024_typeform_ingevuld"",""type"":""OBJECT_PROPERTY""}'";"Actief"
"Upsert Clockify client";"1749801371";"Onbekend";"";"Geen stage gedetecteerd";"";"onbekend";"Overige acties: WEBHOOK: Webhook -> https://composed-month-production.up.railway.app/clockify/hubspot/upsert_client";"Actief"
"Deels geboekt en Q1 tot Q4 geboekt automatisering";"1706224664";"Onbekend";"";"Geen stage gedetecteerd";"";"onbekend";"Overige acties: WEBHOOK: Werk de Jaarrekening-stage bij op basis van geboekte BTW-kwartalen";"Actief"
"Send a follow-up email after form submission";"202627415";"Onbekend";"";"Geen stage gedetecteerd";"";"onbekend";"Overige acties: SINGLE_CONNECTION: Send email (content ID: 43663956047); SINGLE_CONNECTION: Maak of update deal met velden: hubspot_owner_id, dealstage, dealname, amount";"Actief"
"Put deals from ""JR JAARKLANT"" to ""GEGEVENS GEREED"" when Bankkoppeling Status is active";"1628298543";"Onbekend";"";"Geen stage gedetecteerd";"";"onbekend";"Stage/pipeline acties: SINGLE_CONNECTION zet dealstage naar 235354029";"Uitgeschakeld"
"Pipeline is ""Inbox"", Ticket status is ""New""";"29476224";"Onbekend";"";"1 (onbekende stage)";"1";"onbekend";"Geen acties gevonden in opgeslagen workflowdata";"Uitgeschakeld"
"Stap 4.2: LH 2020 juli | als company name veranderd, dan veranderd deal naam - ALTIJD AAN MET RE-ENROLMENT";"32574834";"Onbekend";"";"Geen stage gedetecteerd";"";"onbekend";"Overige acties: SINGLE_CONNECTION: Stel 'dealname' in op 'LH juli 2020: {{ _0_3.company_name_niet_handmatig_veranderen_deel_van_een_workflow }} | Owner: {{ _0_3.hubspot_owner_id }}'";"Actief"
" Nieuwe klant";"462618522";"Onbekend";"";"Geen stage gedetecteerd";"";"onbekend";"Overige acties: SINGLE_CONNECTION: Send internal email notification: Nieuwe klant";"Uitgeschakeld"
"Stap 2.1: IB 2019 | deal trigger maakt nieuwe deal aan - ALTIJD AAN ZONDER RE-ENROLMENT";"32358794";"Onbekend";"";"4381242 (onbekende stage) | closedwon (onbekende stage)";"4381242, closedwon";"onbekend";"Stage/pipeline acties: SINGLE_CONNECTION zet dealstage naar 2235750 | Overige acties: SINGLE_CONNECTION: Schrijf object in voor workflow 32344537";"Actief"
"set source to Offerte.nl";"503852551";"📁 Klantenbestand (5941173)";"5941173";"Geen stage gedetecteerd";"";"onbekend";"Overige acties: SINGLE_CONNECTION: Stel 'lead_source_wiecher' in op 'Organic'";"Uitgeschakeld"
"Update Onboarding Typeform status for deals in onboarding stages";"1656787626";"📁 Klantenbestand (5941173)";"5941173";"Onboarding gesprek  (150121102) | Onboarding chase (1049300480) | Onboarding Gesprek Gepland (1049300409)";"150121102, 1049300480, 1049300409";"onbekend";"Overige acties: SINGLE_CONNECTION: Stel 'onboarding_typeform' in op 'Verwerkt'";"Actief"
"Change contact property Jaarrekening Prio based on IB Deal - Dynamic";"1639798298";"Onbekend";"";"Geen stage gedetecteerd";"";"onbekend";"Overige acties: SINGLE_CONNECTION: Stel 'jaarrekening_prioriteit' in op 'Ja'";"Actief"
"Set onboarding voltooid datum";"1658033308";"Onbekend";"";"Geen stage gedetecteerd";"";"onbekend";"Overige acties: LIST_BRANCH: Splits in 1 paden op basis van criteria; SINGLE_CONNECTION: Stel 'onboarding_voltooid_datum' in op '{""propertyName"":""hs_v2_date_exited_5941263"",""type"":""OBJECT_PROPERTY""}'";"Actief"
"Mark onboarding as not completed when deal in Offerte geaccepteerd start";"1657996625";"📁 Klantenbestand (5941173)";"5941173";"Offerte geaccepteerd start - met BTW (1028125851) | Offerte geaccepteerd start (5941263)";"1028125851, 5941263";"onbekend";"Overige acties: SINGLE_CONNECTION: Stel 'onboarding_voltooid' in op 'false'";"Actief"
"Update Loonadministratie property for contacts with No Loonadministratie nodig";"1656791712";"Onbekend";"";"Geen stage gedetecteerd";"";"onbekend";"Overige acties: SINGLE_CONNECTION: Stel 'loonadministratie' in op 'nvt'";"Actief"
"Update Moeilijkheidsgraad property on associated records";"1663397220";"Onbekend";"";"Geen stage gedetecteerd";"";"onbekend";"Overige acties: SINGLE_CONNECTION: Stel 'moeilijkheidsgraad' in op '{""propertyName"":""moeilijkheidsgraad"",""type"":""OBJECT_PROPERTY""}'";"Actief"
"Set Deal Property: Activiteit Sales Deal Stage - Default";"1631923489";"📁 Klantenbestand (5941173)";"5941173";"Geen stage gedetecteerd";"";"onbekend";"Overige acties: LIST_BRANCH: Splits in 1 paden op basis van criteria; SINGLE_CONNECTION: Stel 'activiteit' in op 'Actief'; SINGLE_CONNECTION: Stel 'activiteit' in op 'Inactief'";"Actief"
"Create follow-up sales gesprek notitite";"563280020";"📁 Klantenbestand (5941173)";"5941173";"5941260 (onbekende stage)";"5941260";"onbekend";"Overige acties: SINGLE_CONNECTION: Create task: Follow-up sales gesprek notitie";"Actief"
"Won DTM";"145760532";"Onbekend";"";"Geen stage gedetecteerd";"";"onbekend";"Overige acties: SINGLE_CONNECTION: Stel 'won_dtm' in op 'de datum waarop deze actie wordt uitgevoerd'";"Actief"
"Deal in Beginner Stage Property";"1692173640";"Onbekend";"";"Geen stage gedetecteerd";"";"onbekend";"Overige acties: LIST_BRANCH: Splits in 8 paden op basis van criteria; LIST_BRANCH: Splits in 1 paden op basis van criteria; SINGLE_CONNECTION: Stel 'beginner_stage' in op 'true'; SINGLE_CONNECTION: Stel 'beginner_stage' in op 'false'";"Actief"
"Update Software Portaal Pakket property for associated records";"1663413383";"Onbekend";"";"Geen stage gedetecteerd";"";"onbekend";"Overige acties: SINGLE_CONNECTION: Stel 'software_portaal_pakket' in op '{""propertyName"":""software_portaal_pakket"",""type"":""OBJECT_PROPERTY""}'";"Actief"
"Set Jaarklant property";"1696374857";"Onbekend";"";"Geen stage gedetecteerd";"";"onbekend";"Overige acties: WEBHOOK: Webhook -> https://composed-month-development.up.railway.app/properties/update_jaarklant_property";"Uitgeschakeld"
"Set Software/Portaal/Pakket/CSV based on dealstage";"1697577818";"📁 Klantenbestand (5941173)";"5941173";"Pakket klein (1176430505) | IB particulier (1044124012) | Pakket groot (1189168762) | CSV (1176430501) | Portaal (1176430502)";"1176430505, 1044124012, 1189168762, 1176430501, 1176430502";"onbekend";"Overige acties: LIST_BRANCH: Splits in 5 paden op basis van criteria; SINGLE_CONNECTION: Stel 'software_portaal_pakket' in op 'Software'; SINGLE_CONNECTION: Stel 'software_portaal_pakket' in op 'Pakket groot'; SINGLE_CONNECTION: Stel 'software_portaal_pakket' in op 'CSV'; SINGLE_CONNECTION: Stel 'software_portaal_pakket' in op 'Portaal'; SINGLE_CONNECTION: Stel 'software_portaal_pakket' in op 'IB particulier'";"Actief"
"When Jaarrekening Company changes changes sync contact";"1617456897";"Onbekend";"";"Geen stage gedetecteerd";"";"onbekend";"Overige acties: SINGLE_CONNECTION: Stel 'company_property_sync_jaarrekening_2024' in op '{""propertyName"":""jaarrekening_2024"",""type"":""OBJECT_PROPERTY""}'";"Actief"
"Update IB kan gemaakt worden property";"1680634239";"📚 Jaarrekening (746430534)";"746430534";"Geen JR (1086412189) | Gecontroleerd & Gefactureerd (1086340947)";"1086412189, 1086340947";"onbekend";"Overige acties: WEBHOOK: Webhook -> https://composed-month-production.up.railway.app/properties/update_ib_kan_gemaakt_worden";"Actief"
"Set intensiteit based on line items";"1696425999";"📁 Klantenbestand (5941173)";"5941173";"Geen stage gedetecteerd";"";"onbekend";"Overige acties: WEBHOOK: Webhook -> https://composed-month-development.up.railway.app/properties/update_intensiteit_from_deal";"Uitgeschakeld"
"Copy Jaarklant helper to Jaarklant ";"1697531651";"Onbekend";"";"Geen stage gedetecteerd";"";"onbekend";"Overige acties: LIST_BRANCH: Splits in 2 paden op basis van criteria; SINGLE_CONNECTION: Stel 'jaarklant' in op 'true'; SINGLE_CONNECTION: Stel 'jaarklant' in op 'false'; SINGLE_CONNECTION: Stel 'jaarklant' in op ''";"Actief"
"Set company intensiteit based on deal line item list";"1697511609";"Onbekend";"";"Geen stage gedetecteerd";"";"onbekend";"Overige acties: LIST_BRANCH: Splits in 3 paden op basis van criteria; SINGLE_CONNECTION: Stel 'intensiteit' in op 'Jaarlijks'; SINGLE_CONNECTION: Stel 'intensiteit' in op 'Per kwartaal'; SINGLE_CONNECTION: Stel 'intensiteit' in op 'Maandelijks'; SINGLE_CONNECTION: Stel 'intensiteit' in op 'Wekelijks'";"Actief"
"VA IB ingediend -> IB deal property aanpassen";"1732519443";"🧾👤 Voorlopige Aanslag IB (827192628)";"827192628";"Verzonden naar Belastingdienst (1224141477)";"1224141477";"onbekend";"Overige acties: WEBHOOK: Markeer op de IB-deal dat de VA IB is ingediend";"Actief"
"Overnemen Pakketdetails van deal naar company";"1765676439";"Onbekend";"";"Geen stage gedetecteerd";"";"onbekend";"Overige acties: SINGLE_CONNECTION: Stel 'pakketdetails' in op '{{ enrolled_object.pakketdetails }}'";"Actief"
"IB prio gebaseerd op JR 2023";"536333753";"Inkomstenbelasting - 2023* (70094380)";"70094380";"Gegevens ontvangen GEEN VIG (135803308) | Open* (135803307) | Gegevens compleet (VIG + uitvraag) (135803309)";"135803308, 135803307, 135803309";"onbekend";"Overige acties: SINGLE_CONNECTION: Stel 'hs_priority' in op 'high'";"Actief"
"Alle companies zonder JR = JR Niet nodig";"1617635417";"Onbekend";"";"Geen stage gedetecteerd";"";"onbekend";"Overige acties: LIST_BRANCH: Splits in 1 paden op basis van criteria; SINGLE_CONNECTION: Stel 'jaarrekening_2024' in op 'Geen JR Nodig'";"Actief"
"Ophalen KvK gegevens";"1783234581";"Onbekend";"";"Geen stage gedetecteerd";"";"onbekend";"Overige acties: WEBHOOK: Webhook -> https://composed-month-production.up.railway.app/kvk/hubspot/sync_company";"Actief"
"JR New Deal Priority 2024";"613877511";"Jaarrekening - 2024* (136666296)";"136666296";"Open* (235354027)";"235354027";"onbekend";"Overige acties: SINGLE_CONNECTION: Stel 'hs_priority' in op 'low'";"Uitgeschakeld"
"Contact Name Change";"40232425";"Onbekend";"";"Geen stage gedetecteerd";"";"onbekend";"Overige acties: WEBHOOK: Webhook -> https://en9z5vye8mobx8k.m.pipedream.net; WEBHOOK: Webhook -> https://ens3y5b2799s2tc.m.pipedream.net";"Uitgeschakeld"
"[TJILP] Nieuw contact vanuit TJILP";"39678732";"Onbekend";"";"Geen stage gedetecteerd";"";"onbekend";"Overige acties: SINGLE_CONNECTION: Maak of update deal met velden: hubspot_owner_id, dealstage, dealname, amount";"Actief"
"Move to Bankkoppeling actief stage";"548555668";"BTW - Q1 2024* (90380918)";"90380918";"Open* (167268250)";"167268250";"onbekend";"Stage/pipeline acties: SINGLE_CONNECTION zet dealstage naar 167268251";"Actief"
"Geen gehoor 3 - Workflow";"557728343";"Onbekend";"";"4915299 (onbekende stage)";"4915299";"onbekend";"Geen acties gevonden in opgeslagen workflowdata";"Uitgeschakeld"
"Reminder follow-up e-mail";"149911419";"Onbekend";"";"Geen stage gedetecteerd";"";"onbekend";"Geen acties gevonden in opgeslagen workflowdata";"Uitgeschakeld"
"JR boekers instellen";"1790545719";"👤 Inkomstenbelasting (749749904)";"749749904";"Geen stage gedetecteerd";"";"onbekend";"Overige acties: WEBHOOK: Webhook -> https://composed-month-production.up.railway.app/properties/ib/sync_jr_owners_same_year";"Actief"
"Put deals from ""JR JAARKLANT"" to ""GEGEVENS GEREED"" bankkoppeling status voor 2025";"1692220740";"📚 Jaarrekening (746430534)";"746430534";"Zonder BTW (geen jaarklant) (1104468997) | Open* (1086412191) | Deels geboekt (1100468150) | Open nieuwe bedrijven (1147606329) | Zonder BTW (jaarklant) (1086412194) | Zonder BTW (geen jaarklant) (1104468997) | Maakt en levert zelf berekening (1086412193) | Open* (1086412191) | Deels geboekt (1100468150) | Open nieuwe bedrijven (1147606329) | Zonder BTW (jaarklant) (1086412194)";"1104468997, 1086412191, 1100468150, 1147606329, 1086412194, 1104468997, 1086412193, 1086412191, 1100468150, 1147606329, 1086412194";"onbekend";"Stage/pipeline acties: SINGLE_CONNECTION zet dealstage naar 1086340936; SINGLE_CONNECTION zet dealstage naar 1310846636 | Overige acties: LIST_BRANCH: Splits in 1 paden op basis van criteria";"Actief"
"Copy type bankkoppeling van contact naar deal";"551403520";"Onbekend";"";"Geen stage gedetecteerd";"";"onbekend";"Overige acties: SINGLE_CONNECTION: Stel 'bankkoppeling__btw_type_informatie' in op '{""propertyName"":""btw_type_informatie"",""type"":""OBJECT_PROPERTY""}'";"Actief"
"JR status 2023 uit BTW Q4";"536364075";"BTW - Q4 2023* (68816402)";"68816402";"Factuur en mail verzonden incl JR (133660564)";"133660564";"onbekend";"Overige acties: SINGLE_CONNECTION: Stel 'jaarrekening_2023_gereed' in op 'JR gereed'";"Actief"
"Jaarrekening company property aanpassen aan hand van JR pipeline";"1617439913";"Jaarrekening - 2024* (136666296)";"136666296";"Gecontroleerd & Gefactureerd (253060782) | Q1 tot Q4 geboekt (235223623) | Gegevens gereed (235354029) | Berekening compleet (235365432)";"253060782, 235223623, 235354029, 235365432";"onbekend";"Overige acties: LIST_BRANCH: Splits in 4 paden op basis van criteria; SINGLE_CONNECTION: Stel 'jaarrekening_2024' in op 'JR af en gecontroleerd'; SINGLE_CONNECTION: Stel 'jaarrekening_2024' in op 'Gegevens gereed'; SINGLE_CONNECTION: Stel 'jaarrekening_2024' in op 'Q1-Q4 geboekt'; SINGLE_CONNECTION: Stel 'jaarrekening_2024' in op 'Geen gegevens'; SINGLE_CONNECTION: Stel 'jaarrekening_2024' in op 'Geen JR Nodig'";"Actief"
"[Via-via] Nieuw contact vanuit Via-via sheet";"50196563";"Onbekend";"";"Geen stage gedetecteerd";"";"onbekend";"Overige acties: SINGLE_CONNECTION: Maak of update deal met velden: hubspot_owner_id, dealstage, dealname, amount";"Actief"
"IB prio gebaseerd op JR 2023 En Klant is Nieuw";"571243639";"Inkomstenbelasting - 2023* (70094380)";"70094380";"Gegevens ontvangen GEEN VIG (135803308) | Open* (135803307) | Gegevens compleet (VIG + uitvraag) (135803309)";"135803308, 135803307, 135803309";"onbekend";"Overige acties: SINGLE_CONNECTION: Stel 'hs_priority' in op 'low'";"Actief"
"Forecast amount naar 0";"169461915";"📈 Sales Pipeline (802700718)";"802700718";"Geen stage gedetecteerd";"";"onbekend";"Overige acties: SINGLE_CONNECTION: Stel 'amount' in op '0'";"Actief"
"Copy record ID from dossier to company (for zapier automation)";"1639820211";"Onbekend";"";"Geen stage gedetecteerd";"";"onbekend";"Overige acties: SINGLE_CONNECTION: Stel 'dossier_id' in op '{{ enrolled_object.hs_object_id }}'";"Actief"
"Jaarrekening company property aanpassen uit BTW";"1617437494";"BTW - Q4 2024* (662362294)";"662362294";"Alleen Q4 factuur en mail verzonden (972839512) | Betaalt niet (972810057) | JR en Q4 factuur en mail verzonden (979739042) | Geen BTW nodig dit kwartaal (972810058)";"972839512, 972810057, 979739042, 972810058";"onbekend";"Overige acties: LIST_BRANCH: Splits in 2 paden op basis van criteria; SINGLE_CONNECTION: Stel 'jaarrekening_2024' in op 'JR af en gecontroleerd'; SINGLE_CONNECTION: Stel 'jaarrekening_2024' in op 'Q1-Q4 geboekt'; SINGLE_CONNECTION: Stel 'jaarrekening_2024' in op 'Geen gegevens'";"Actief"
"Pipeline is ""Sales Pipeline met Automation"", deal stage is ""Onboarding gesprek """;"565271096";"📁 Klantenbestand (5941173)";"5941173";"Onboarding gesprek  (150121102)";"150121102";"onbekend";"Overige acties: SINGLE_CONNECTION: Create task: Onboarding gesprek";"Uitgeschakeld"
"IB prio gebaseerd op JR";"399485785";"Onbekend";"11562365";"34277902 (onbekende stage) | 34277901 (onbekende stage) | 34277905 (onbekende stage)";"34277902, 34277901, 34277905";"onbekend";"Overige acties: SINGLE_CONNECTION: Stel 'hs_priority' in op 'high'";"Uitgeschakeld"
"Set duur van onboarding ";"1658021291";"Onbekend";"";"Geen stage gedetecteerd";"";"onbekend";"Overige acties: LIST_BRANCH: Splits in 1 paden op basis van criteria; SINGLE_CONNECTION: Stel 'duur_van_onboarding' in op '{""propertyName"":""hs_v2_cumulative_time_in_5941263"",""type"":""OBJECT_PROPERTY""}'; SINGLE_CONNECTION: Stel 'duur_van_onboarding' in op '{""propertyName"":""hs_v2_cumulative_time_in_1028125851"",""type"":""OBJECT_PROPERTY""}'";"Actief"
"loonadministratie deal maken- gebaseerd op omzettingen";"613505187";"Onbekend";"";"46535014 (onbekende stage)";"46535014";"onbekend";"Overige acties: SINGLE_CONNECTION: Maak of update deal met velden: hubspot_owner_id, dealstage, dealname, amount";"Uitgeschakeld"
"Fysieke afspraak gemaakt";"149342866";"📈 Sales Pipeline (802700718)";"802700718";"Fysieke afspraak gemaakt (1180636302)";"1180636302";"onbekend";"Overige acties: SINGLE_CONNECTION: Stel 'fysieke_afspraak_gemaakt' in op 'true'; SINGLE_CONNECTION: Stel 'dtm_van_maken_van_afspraak' in op 'de datum waarop deze actie wordt uitgevoerd'";"Actief"
"Default- DTM eerste gemiste telefoon gesprek";"164532901";"📈 Sales Pipeline (802700718)";"802700718";"Geen stage gedetecteerd";"";"onbekend";"Overige acties: SINGLE_CONNECTION: Stel 'dtm_eerste_gemiste_telefoon_gesprek' in op '-2208988800000'";"Actief"
"JR status 2023 uit JR pipeline";"536358467";"Jaarrekening - 2023* (68883520)";"68883520";"JR Compleet (133728934) | JR Gecontroleerd & gefactureerd (133725005)";"133728934, 133725005";"onbekend";"Overige acties: SINGLE_CONNECTION: Stel 'jaarrekening_2023_gereed' in op 'JR gereed'";"Actief"
"Default- DTM mail verstuurd";"164533009";"📈 Sales Pipeline (802700718)";"802700718";"Geen stage gedetecteerd";"";"onbekend";"Overige acties: SINGLE_CONNECTION: Stel 'dtm_vervolg_email' in op '-2208988800000'";"Actief"
"q1-q4 geboekt goed plaatsen";"326236783";"Onbekend";"21715880";"Geen stage gedetecteerd";"";"onbekend";"Stage/pipeline acties: SINGLE_CONNECTION zet dealstage naar 57306717";"Uitgeschakeld"
"JR 2024 manual trigger";"613984418";"Jaarrekening - 2024* (136666296)";"136666296";"Gecontroleerd & Gefactureerd (253060782)";"253060782";"onbekend";"Overige acties: SINGLE_CONNECTION: Stel 'jr_gereed_2024' in op 'true'";"Actief"
"Jaarcontrole 2024 nieuwe klanten";"1606841758";"BTW - Q2024 Check* (642376248)";"642376248";"Geen stage gedetecteerd";"";"onbekend";"Stage/pipeline acties: SINGLE_CONNECTION zet dealstage naar 951755687";"Actief"
"Deal prio high BTW q2 2024";"591326083";"BTW - Q2 2024* (106051679)";"106051679";"Geen stage gedetecteerd";"";"onbekend";"Overige acties: SINGLE_CONNECTION: Stel 'hs_priority' in op 'high'";"Actief"
"VA VPB ingediend -> VPB deal property aanpassen";"1732581911";"🧾🏢 Voorlopige Aanslag VPB (827192629)";"827192629";"Verzonden naar Belastingdienst (1227519901)";"1227519901";"onbekend";"Overige acties: WEBHOOK: Markeer op de VPB-deal dat de VA VPB is ingediend";"Actief"
"moeijlijkheids graad priority: jaarrekening 2024 - default";"1617851917";"Jaarrekening - 2024* (136666296)";"136666296";"Geen stage gedetecteerd";"";"onbekend";"Overige acties: LIST_BRANCH: Splits in 3 paden op basis van criteria; SINGLE_CONNECTION: Stel 'hs_priority' in op 'low'; SINGLE_CONNECTION: Stel 'hs_priority' in op 'medium'; SINGLE_CONNECTION: Stel 'hs_priority' in op 'high'";"Actief"
"Update onboarding status to Yes when deal stage changes and sales activity is active";"1659863813";"Onbekend";"";"Geen stage gedetecteerd";"";"onbekend";"Overige acties: SINGLE_CONNECTION: Stel 'onboarding_voltooid' in op 'true'";"Actief"
"Bankkoppeling actief -> Gegevens gereed";"614271107";"BTW - Q3 2024* (135528486)";"135528486";"Open* (235317833)";"235317833";"onbekend";"Stage/pipeline acties: SINGLE_CONNECTION zet dealstage naar 235317835";"Uitgeschakeld"
"bankkoppeling verloopt datum from company to deal";"616057973";"Onbekend";"";"Geen stage gedetecteerd";"";"onbekend";"Overige acties: SINGLE_CONNECTION: Stel 'expiry_date' in op '{""propertyName"":""expiry_date"",""type"":""OBJECT_PROPERTY""}'";"Actief"
"Delete jaarklanten from portal";"609079138";"Onbekend";"";"Geen stage gedetecteerd";"";"onbekend";"Overige acties: WEBHOOK: Webhook -> https://dinnka-production.up.railway.app/v2/administrations/offboard/hubspot/";"Uitgeschakeld"
"Copy Machtiging contact property naar deal";"1618095248";"👤 Inkomstenbelasting (749749904)";"749749904";"Geen stage gedetecteerd";"";"onbekend";"Overige acties: WEBHOOK: Webhook -> https://composed-month-production.up.railway.app/properties/ib/machtiging_actief_contact_webhook";"Actief"
"Copy bankkoppeling status from company to deal";"592800770";"Onbekend";"";"Geen stage gedetecteerd";"";"onbekend";"Overige acties: SINGLE_CONNECTION: Stel 'bankkoppeling_status' in op '{""propertyName"":""bankkoppeling_status"",""type"":""OBJECT_PROPERTY""}'";"Uitgeschakeld"
"Set Company Property based on Geen JR - dynamic";"1644267797";"Onbekend";"";"Geen stage gedetecteerd";"";"onbekend";"Overige acties: SINGLE_CONNECTION: Stel 'jaarrekening_2024' in op 'Geen JR Nodig'";"Actief"
"Move BTW deal if Monthly deals are all complete";"1704689256";"Onbekend";"";"Geen stage gedetecteerd";"";"onbekend";"Overige acties: WEBHOOK: Webhook -> https://composed-month-development.up.railway.app/operations/hubspot/berekening_compleet";"Actief"
"OCI - Offerte Geaccepteerd → Google Ads Conversie";"1804832146";"Onbekend";"";"Geen stage gedetecteerd";"";"onbekend";"Overige acties: SINGLE_CONNECTION: Stel 'conversiewaarde_deal' in op '{""propertyName"":""amount"",""type"":""OBJECT_PROPERTY""}'";"Actief"
"Keeps track of whether onboarding is completed";"1657984007";"Onbekend";"";"Geen stage gedetecteerd";"";"onbekend";"Overige acties: SINGLE_CONNECTION: Stel 'onboarding_voltooid' in op 'true'";"Actief"
"Copy City from contact to deal- eenmalig";"1609966966";"📁 Klantenbestand (5941173)";"5941173";"Geen stage gedetecteerd";"";"onbekend";"Overige acties: SINGLE_CONNECTION: Stel 'city' in op '{{ enrolled_object.city }}'";"Actief"
"Copy City from contact to deal- automatisch ";"1609955506";"Onbekend";"";"Geen stage gedetecteerd";"";"onbekend";"Overige acties: SINGLE_CONNECTION: Stel 'city' in op '{{ enrolled_object.city }}'";"Actief"
"Copy jaarrekening company property to VPB deal (default)";"1617938082";"VPB - 2024* (136521024)";"136521024";"Geen stage gedetecteerd";"";"onbekend";"Overige acties: SINGLE_CONNECTION: Stel 'jaarrekening_2024__company_' in op '{""propertyName"":""jaarrekening_2024"",""type"":""OBJECT_PROPERTY""}'";"Actief"
"Change contact property Jaarrekening Prio based on IB Deal - Default";"1639796334";"Inkomstenbelasting - 2024* (136340544)";"136340544";"Machtiging actief/ VIG ontvangen (235365452)";"235365452";"onbekend";"Overige acties: SINGLE_CONNECTION: Stel 'jaarrekening_prioriteit' in op 'Ja'";"Actief"
"VIG ontvangen";"1732407572";"👤 Inkomstenbelasting (749749904)";"749749904";"Machtiging & Typeform (1090767426) | Machtiging actief / VIG ontvangen (1090767424) | Machtiging actief & JR af (1151360654) | IB gereed om te maken (1178979681)";"1090767426, 1090767424, 1151360654, 1178979681";"onbekend";"Overige acties: SINGLE_CONNECTION: Stel 'machtiging_actief' in op 'VIG ontvangen'";"Actief"
"Gegevens voor 1 april aangeleverd -> priority";"1774265347";"👤 Inkomstenbelasting (749749904)";"749749904";"Geen stage gedetecteerd";"";"onbekend";"Overige acties: SINGLE_CONNECTION: Stel 'hs_priority' in op 'low'";"Actief"